Date,Mkt-RF,SMB,HML,RF
2013-01-02,0.0262,0.0013,0.004,0.0
2013-01-03,-0.0013,0.001,0.0005,0.0
2013-01-04,0.0055000000000000005,0.0012,0.0037,0.0
2013-01-07,-0.0031,-0.0009,-0.0036,0.0
2013-01-08,-0.0026,0.0005,-0.0001,0.0
2013-01-09,0.0034999999999999996,0.0028000000000000004,-0.004,0.0
2013-01-10,0.0066,-0.006500000000000001,0.0051,0.0
2013-01-11,0.0001,0.001,-0.0044,0.0
2013-01-14,-0.0007000000000000001,0.0004,-0.0007000000000000001,0.0
2013-01-15,0.0018,0.0025,0.0001,0.0
2013-01-16,-0.0006,-0.0026,0.0024,0.0
2013-01-17,0.0060999999999999995,0.004,-0.0011,0.0
2013-01-18,0.0028000000000000004,0.0004,-0.0011,0.0
2013-01-22,0.0049,0.0015,0.0046,0.0
2013-01-23,0.0009,-0.0032,-0.0009,0.0
2013-01-24,0.0009,0.0028000000000000004,0.0004,0.0
2013-01-25,0.0058,-0.0014000000000000002,-0.0032,0.0
2013-01-28,-0.0014000000000000002,0.0040999999999999995,0.0016,0.0
2013-01-29,0.0036,-0.0044,0.0032,0.0
2013-01-30,-0.0038,-0.0085,0.0016,0.0
2013-01-31,-0.0007000000000000001,0.0069,0.0016,0.0
2013-02-01,0.009899999999999999,0.0007000000000000001,0.0024,0.0
2013-02-04,-0.011899999999999999,-0.0013,-0.0017000000000000001,0.0
2013-02-05,0.010700000000000001,-0.0008,0.0015,0.0
2013-02-06,0.0015,0.003,0.0014000000000000002,0.0
2013-02-07,-0.0016,-0.0005,0.0003,0.0
2013-02-08,0.0058,0.0002,-0.0018,0.0
2013-02-11,-0.0008,-0.0002,0.0038,0.0
2013-02-12,0.0016,0.002,0.0074,0.0
2013-02-13,0.0014000000000000002,0.001,0.0003,0.0
2013-02-14,0.0011,0.0029,0.0014000000000000002,0.0
2013-02-15,-0.0011,0.0003,-0.0007000000000000001,0.0
2013-02-19,0.0074,0.0024,0.0016,0.0
2013-02-20,-0.013600000000000001,-0.0054,-0.0060999999999999995,0.0
2013-02-21,-0.0066,-0.0028000000000000004,-0.0003,0.0
2013-02-22,0.009399999999999999,0.0022,-0.0004,0.0
2013-02-25,-0.0182,-0.0019,-0.0073,0.0
2013-02-26,0.0058,-0.0017000000000000001,0.0005,0.0
2013-02-27,0.0129,-0.0038,0.0015,0.0
2013-02-28,-0.0006,0.001,-0.0013,0.0
2013-03-01,0.0022,0.0016,-0.003,0.0
2013-03-04,0.004699999999999999,-0.0032,0.001,0.0
2013-03-05,0.01,0.0018,-0.0016,0.0
2013-03-06,0.0018,0.0004,0.004699999999999999,0.0
2013-03-07,0.0027,0.0018,0.0043,0.0
2013-03-08,0.0052,0.0037,-0.0017000000000000001,0.0
2013-03-11,0.003,-0.0033,0.0026,0.0
2013-03-12,-0.0022,0.0003,-0.0017000000000000001,0.0
2013-03-13,0.002,0.0018,0.001,0.0
2013-03-14,0.0058,0.0036,0.0040999999999999995,0.0
2013-03-15,-0.0019,0.0002,0.004,0.0
2013-03-18,-0.005,0.0015,-0.0029,0.0
2013-03-19,-0.0023,-0.0001,0.0001,0.0
2013-03-20,0.0076,0.0025,-0.0001,0.0
2013-03-21,-0.0085,0.0018,-0.0027,0.0
2013-03-22,0.0062,-0.0043,-0.0025,0.0
2013-03-25,-0.0029,0.0029,0.0003,0.0
2013-03-26,0.0076,-0.0038,-0.0022,0.0
2013-03-27,-0.0002,0.0014000000000000002,-0.0028000000000000004,0.0
2013-03-28,0.0039000000000000003,-0.0027,-0.0029,0.0
2013-04-01,-0.005699999999999999,-0.0091,0.0001,0.0
2013-04-02,0.0033,-0.0089,-0.0028000000000000004,0.0
2013-04-03,-0.0116,-0.0040999999999999995,-0.0012,0.0
2013-04-04,0.0042,0.0019,0.0026,0.0
2013-04-05,-0.0040999999999999995,0.0005,0.0033,0.0
2013-04-08,0.006999999999999999,0.0014000000000000002,0.0026,0.0
2013-04-09,0.0031,-0.0040999999999999995,0.0017000000000000001,0.0
2013-04-10,0.0128,0.0064,-0.001,0.0
2013-04-11,0.0034999999999999996,-0.0023,-0.0017000000000000001,0.0
2013-04-12,-0.0028000000000000004,-0.0008,-0.0045000000000000005,0.0
2013-04-15,-0.0248,-0.014199999999999999,-0.0029,0.0
2013-04-16,0.0147,0.0017000000000000001,0.0009,0.0
2013-04-17,-0.0146,-0.0026,-0.0052,0.0
2013-04-18,-0.006999999999999999,0.0018,-0.0002,0.0
2013-04-19,0.0097,0.0007000000000000001,0.0011,0.0
2013-04-22,0.0045000000000000005,-0.0016,-0.0012,0.0
2013-04-23,0.0111,0.004699999999999999,0.0060999999999999995,0.0
2013-04-24,0.0006,0.0034000000000000002,0.0116,0.0
2013-04-25,0.0049,0.0017000000000000001,-0.0011,0.0
2013-04-26,-0.002,-0.0036,-0.0023,0.0
2013-04-29,0.0067,0.0009,-0.001,0.0
2013-04-30,0.0029,0.0037,-0.0001,0.0
2013-05-01,-0.0108,-0.0139,-0.0018,0.0
2013-05-02,0.0104,0.0060999999999999995,0.001,0.0
2013-05-03,0.011200000000000002,0.0062,0.0019,0.0
2013-05-06,0.0023,0.0023,0.0084,0.0
2013-05-07,0.0054,0.0011,0.0015,0.0
2013-05-08,0.0044,-0.0024,0.0015,0.0
2013-05-09,-0.0031,0.001,-0.0025,0.0
2013-05-10,0.0054,0.0043,-0.0017000000000000001,0.0
2013-05-13,-0.0002,-0.002,-0.0003,0.0
2013-05-14,0.011000000000000001,0.0015,0.0025,0.0
2013-05-15,0.0051,-0.0012,0.0023,0.0
2013-05-16,-0.0051,0.0014000000000000002,-0.0024,0.0
2013-05-17,0.0104,-0.0001,0.0033,0.0
2013-05-20,-0.0006,0.0036,0.004699999999999999,0.0
2013-05-21,0.0016,-0.0013,-0.0007000000000000001,0.0
2013-05-22,-0.0092,-0.0072,-0.0014000000000000002,0.0
2013-05-23,-0.0019,0.004699999999999999,-0.0009,0.0
2013-05-24,-0.0006,0.0018,0.0009,0.0
2013-05-28,0.0077,0.0063,0.0022,0.0
2013-05-29,-0.006999999999999999,-0.0034999999999999996,0.005600000000000001,0.0
2013-05-30,0.005,0.0034000000000000002,0.004699999999999999,0.0
2013-05-31,-0.0132,0.0051,-0.0025,0.0
2013-06-03,0.0049,0.0013,0.001,0.0
2013-06-04,-0.0055000000000000005,-0.0031,-0.0018,0.0
2013-06-05,-0.0138,0.0009,-0.0028000000000000004,0.0
2013-06-06,0.0089,0.0019,0.002,0.0
2013-06-07,0.013000000000000001,-0.004699999999999999,0.0005,0.0
2013-06-10,0.0007000000000000001,0.0066,0.0021,0.0
2013-06-11,-0.0104,0.0001,-0.0058,0.0
2013-06-12,-0.008199999999999999,0.0001,-0.0006,0.0
2013-06-13,0.0147,0.0009,0.0033,0.0
2013-06-14,-0.0059,-0.0022,-0.005600000000000001,0.0
2013-06-17,0.0073,-0.0008,0.0012,0.0
2013-06-18,0.008,0.0038,-0.0005,0.0
2013-06-19,-0.0128,0.0015,0.0015,0.0
2013-06-20,-0.0245,0.0002,0.0039000000000000003,0.0
2013-06-21,0.0013,0.0021,-0.001,0.0
2013-06-24,-0.011899999999999999,0.0009,-0.0066,0.0
2013-06-25,0.0096,-0.0002,0.0083,0.0
2013-06-26,0.0092,-0.0073,-0.0017000000000000001,0.0
2013-06-27,0.0077,0.008100000000000001,0.0037,0.0
2013-06-28,-0.0034000000000000002,0.0031,-0.0012,0.0
2013-07-01,0.0070999999999999995,0.0078000000000000005,-0.0013,0.0
2013-07-02,-0.001,0.0001,0.0007000000000000001,0.0
2013-07-03,0.0012,0.0019,-0.0021,0.0
2013-07-05,0.0111,0.0034999999999999996,0.0046,0.0
2013-07-08,0.0053,-0.0018,0.0005,0.0
2013-07-09,0.0074,0.0004,0.003,0.0
2013-07-10,0.0006,0.0036,-0.0037,0.0
2013-07-11,0.013300000000000001,-0.0009,-0.0067,0.0
2013-07-12,0.0034000000000000002,-0.0002,0.0021,0.0
2013-07-15,0.002,0.0049,0.0034000000000000002,0.0
2013-07-16,-0.0040999999999999995,0.0003,0.0009,0.0
2013-07-17,0.003,-0.0002,0.0019,0.0
2013-07-18,0.0055000000000000005,0.0001,0.0095,0.0
2013-07-19,0.0009,-0.0013,0.0027,0.0
2013-07-22,0.0023,0.0009,0.0033,0.0
2013-07-23,-0.0015,0.001,0.0031,0.0
2013-07-24,-0.0039000000000000003,-0.0028000000000000004,-0.0028000000000000004,0.0
2013-07-25,0.0042,0.0060999999999999995,-0.004,0.0
2013-07-26,0.0002,-0.0062,-0.0028000000000000004,0.0
2013-07-29,-0.0037,-0.0031,-0.0031,0.0
2013-07-30,0.0011,0.002,-0.005,0.0
2013-07-31,0.001,0.0013,0.0015,0.0
2013-08-01,0.013999999999999999,0.0006,0.0008,0.0
2013-08-02,0.002,-0.0021,-0.0033,0.0
2013-08-05,-0.0007000000000000001,0.0049,-0.0017000000000000001,0.0
2013-08-06,-0.0068000000000000005,-0.0033,-0.001,0.0
2013-08-07,-0.0042,-0.0037,-0.0002,0.0
2013-08-08,0.004699999999999999,0.0,0.0004,0.0
2013-08-09,-0.0029,0.0012,-0.0019,0.0
2013-08-12,-0.0002,0.0059,-0.0022,0.0
2013-08-13,0.002,-0.003,-0.0005,0.0
2013-08-14,-0.005,0.0013,0.0027,0.0
2013-08-15,-0.0147,-0.0037,0.0028000000000000004,0.0
2013-08-16,-0.0026,0.0005,0.0013,0.0
2013-08-19,-0.0062,-0.0019,-0.0074,0.0
2013-08-20,0.0052,0.0087,0.0009,0.0
2013-08-21,-0.0059,-0.0002,-0.0043,0.0
2013-08-22,0.0092,0.0051,0.0007000000000000001,0.0
2013-08-23,0.0037,-0.0021,-0.0016,0.0
2013-08-26,-0.0029,0.0051,-0.0048,0.0
2013-08-27,-0.0175,-0.0072,-0.0034000000000000002,0.0
2013-08-28,0.003,0.001,0.0009,0.0
2013-08-29,0.0034000000000000002,0.008100000000000001,-0.0044,0.0
2013-08-30,-0.004699999999999999,-0.0115,-0.0019,0.0
2013-09-03,0.0046,0.0004,0.0015,0.0
2013-09-04,0.0083,0.0001,-0.0018,0.0
2013-09-05,0.0019,0.0015,0.004,0.0
2013-09-06,0.0,0.0003,0.0003,0.0
2013-09-09,0.0109,0.0046,-0.0021,0.0
2013-09-10,0.008,0.0001,0.002,0.0
2013-09-11,0.0028000000000000004,-0.0023,0.0003,0.0
2013-09-12,-0.0032,-0.0022,-0.0036,0.0
2013-09-13,0.0029,0.0025,-0.0004,0.0
2013-09-16,0.0049,-0.0044,0.004,0.0
2013-09-17,0.0054,0.004699999999999999,-0.0012,0.0
2013-09-18,0.011000000000000001,-0.0016,-0.004699999999999999,0.0
2013-09-19,-0.0013,0.0017000000000000001,-0.0062,0.0
2013-09-20,-0.0063,0.0053,0.0019,0.0
2013-09-23,-0.0045000000000000005,0.0045000000000000005,-0.0040999999999999995,0.0
2013-09-24,-0.0013,0.0053,0.0002,0.0
2013-09-25,-0.0023,0.0003,0.0058,0.0
2013-09-26,0.0040999999999999995,0.002,-0.0073,0.0
2013-09-27,-0.0039000000000000003,-0.0003,-0.0001,0.0
2013-09-30,-0.0049,0.0052,0.0001,0.0
2013-10-01,0.009000000000000001,0.0040999999999999995,-0.001,0.0
2013-10-02,-0.001,-0.0037,-0.0007000000000000001,0.0
2013-10-03,-0.0089,-0.0018,0.0018,0.0
2013-10-04,0.0075,-0.0001,0.001,0.0
2013-10-07,-0.0095,-0.0027,0.0,0.0
2013-10-08,-0.013500000000000002,-0.0048,0.008,0.0
2013-10-09,-0.0005,-0.0044,0.0062,0.0
2013-10-10,0.0222,0.0016,-0.0004,0.0
2013-10-11,0.0070999999999999995,0.0079,0.0,0.0
2013-10-14,0.0043,0.0021,-0.001,0.0
2013-10-15,-0.0073,-0.002,0.0003,0.0
2013-10-16,0.0137,-0.0033,0.0015,0.0
2013-10-17,0.006999999999999999,0.0015,-0.0006,0.0
2013-10-18,0.0072,0.0029,0.0012,0.0
2013-10-21,-0.0002,-0.0011,0.0001,0.0
2013-10-22,0.0051,-0.0027,0.0004,0.0
2013-10-23,-0.0051,0.0015,-0.0032,0.0
2013-10-24,0.0042,0.0043,-0.003,0.0
2013-10-25,0.0033,-0.0033,0.0008,0.0
2013-10-28,0.0009,-0.0007000000000000001,0.0005,0.0
2013-10-29,0.0054,-0.0015,-0.0006,0.0
2013-10-30,-0.0059,-0.0078000000000000005,0.005,0.0
2013-10-31,-0.0033,-0.0008,-0.0045000000000000005,0.0
2013-11-01,0.002,-0.0067,0.0022,0.0
2013-11-04,0.004699999999999999,0.0077,-0.0006,0.0
2013-11-05,-0.0023,-0.0002,-0.0024,0.0
2013-11-06,0.0027,-0.0083,0.0033,0.0
2013-11-07,-0.014499999999999999,-0.0033,0.0014000000000000002,0.0
2013-11-08,0.0146,0.0052,0.0044,0.0
2013-11-11,0.0011,0.0,-0.0014000000000000002,0.0
2013-11-12,-0.0018,0.0040999999999999995,-0.006999999999999999,0.0
2013-11-13,0.009000000000000001,0.0011,-0.0011,0.0
2013-11-14,0.0042,-0.0058,0.003,0.0
2013-11-15,0.0044,0.0009,-0.0029,0.0
2013-11-18,-0.0049,-0.0045000000000000005,0.0046,0.0
2013-11-19,-0.0027,-0.0029,0.0025,0.0
2013-11-20,-0.0033,0.0028000000000000004,0.0002,0.0
2013-11-21,0.0096,0.0078000000000000005,-0.0003,0.0
2013-11-22,0.0049,-0.0004,0.0007000000000000001,0.0
2013-11-25,-0.0011,0.0014000000000000002,0.0013,0.0
2013-11-26,0.0017000000000000001,0.0084,-0.0040999999999999995,0.0
2013-11-27,0.003,0.0034000000000000002,-0.0004,0.0
2013-11-29,-0.0002,0.0029,-0.0015,0.0
2013-12-02,-0.0032,-0.0096,0.0014000000000000002,0.0
2013-12-03,-0.0034000000000000002,-0.0007000000000000001,-0.0009,0.0
2013-12-04,-0.0008,-0.0022,0.0029,0.0
2013-12-05,-0.0034000000000000002,0.006999999999999999,-0.0064,0.0
2013-12-06,0.0102,-0.003,0.0018,0.0
2013-12-09,0.0017000000000000001,-0.0042,0.0002,0.0
2013-12-10,-0.0034000000000000002,-0.005699999999999999,0.0023,0.0
2013-12-11,-0.0116,-0.0033,0.0007000000000000001,0.0
2013-12-12,-0.0024,0.0037,0.0023,0.0
2013-12-13,0.0009,0.0025,0.0001,0.0
2013-12-16,0.0067,0.0058,-0.0013,0.0
2013-12-17,-0.0025,0.0023,-0.0008,0.0
2013-12-18,0.0155,-0.0048,0.0005,0.0
2013-12-19,-0.001,-0.0055000000000000005,0.0024,0.0
2013-12-20,0.0069,0.0131,-0.003,0.0
2013-12-23,0.0062,0.0049,-0.0001,0.0
2013-12-24,0.0034000000000000002,0.001,0.0009,0.0
2013-12-26,0.0044,-0.0031,-0.0032,0.0
2013-12-27,-0.0005,-0.0006,0.0024,0.0
2013-12-30,0.0,0.0003,-0.003,0.0
2013-12-31,0.0043,-0.0018,0.0008,0.0
2014-01-02,-0.0088,-0.0028000000000000004,0.0017000000000000001,0.0
2014-01-03,0.0003,0.0037,0.0003,0.0
2014-01-06,-0.0034000000000000002,-0.005699999999999999,0.003,0.0
2014-01-07,0.0068000000000000005,0.0039000000000000003,-0.0038,0.0
2014-01-08,0.0004,-0.0002,-0.001,0.0
2014-01-09,0.0002,0.002,-0.0045000000000000005,0.0
2014-01-10,0.0027,0.0055000000000000005,-0.008100000000000001,0.0
2014-01-13,-0.0132,-0.0008,0.001,0.0
2014-01-14,0.0115,0.0015,-0.003,0.0
2014-01-15,0.0053,0.0022,0.0021,0.0
2014-01-16,-0.0007000000000000001,0.0032,-0.006999999999999999,0.0
2014-01-17,-0.0039000000000000003,0.0002,0.0003,0.0
2014-01-21,0.003,0.004699999999999999,0.0,0.0
2014-01-22,0.0015,0.003,0.0021,0.0
2014-01-23,-0.0086,0.0016,-0.0052,0.0
2014-01-24,-0.0218,-0.0037,0.0018,0.0
2014-01-27,-0.006500000000000001,-0.0084,0.0039000000000000003,0.0
2014-01-28,0.0073,0.0018,0.0003,0.0
2014-01-29,-0.010700000000000001,-0.0039000000000000003,0.0023,0.0
2014-01-30,0.012199999999999999,0.0029,-0.0038,0.0
2014-01-31,-0.0066,-0.0007000000000000001,-0.0032,0.0
2014-02-03,-0.0248,-0.0086,0.0029,0.0
2014-02-04,0.0077,-0.0002,-0.0005,0.0
2014-02-05,-0.0023,-0.0062,0.002,0.0
2014-02-06,0.012199999999999999,-0.004699999999999999,0.0028000000000000004,0.0
2014-02-07,0.013300000000000001,-0.0017000000000000001,-0.006500000000000001,0.0
2014-02-10,0.0016,0.0013,-0.004699999999999999,0.0
2014-02-11,0.0109,-0.0019,0.0024,0.0
2014-02-12,0.0011,0.0025,-0.0005,0.0
2014-02-13,0.0072,0.0070999999999999995,-0.0008,0.0
2014-02-14,0.0042,-0.0037,0.0037,0.0
2014-02-18,0.0027,0.0097,-0.0026,0.0
2014-02-19,-0.0073,-0.0028000000000000004,-0.0044,0.0
2014-02-20,0.0070999999999999995,0.005699999999999999,-0.0021,0.0
2014-02-21,-0.0009,0.0034000000000000002,-0.0003,0.0
2014-02-24,0.006500000000000001,0.0018,0.0033,0.0
2014-02-25,-0.001,0.0014000000000000002,-0.006,0.0
2014-02-26,0.0013,0.0068000000000000005,-0.0008,0.0
2014-02-27,0.0054,0.0014000000000000002,0.0,0.0
2014-02-28,0.0015,-0.0073,0.0084,0.0
2014-03-03,-0.006999999999999999,0.001,0.0014000000000000002,0.0
2014-03-04,0.0167,0.0111,-0.0013,0.0
2014-03-05,0.0001,-0.0026,0.0028000000000000004,0.0
2014-03-06,0.0016,-0.0032,0.0077,0.0
2014-03-07,0.0004,-0.0012,0.0052,0.0
2014-03-10,-0.0009,-0.001,0.0008,0.0
2014-03-11,-0.0062,-0.0053,-0.0019,0.0
2014-03-12,0.0013,0.003,-0.0017000000000000001,0.0
2014-03-13,-0.0121,-0.0012,0.0022,0.0
2014-03-14,-0.0016,0.0068000000000000005,-0.001,0.0
2014-03-17,0.009000000000000001,-0.0037,0.0002,0.0
2014-03-18,0.008199999999999999,0.0074,-0.0039000000000000003,0.0
2014-03-19,-0.0059,-0.0017000000000000001,0.0062,0.0
2014-03-20,0.0052,-0.0048,0.009899999999999999,0.0
2014-03-21,-0.0037,-0.0028000000000000004,0.0087,0.0
2014-03-24,-0.0064,-0.009000000000000001,0.0092,0.0
2014-03-25,0.0029,-0.0034999999999999996,0.0014000000000000002,0.0
2014-03-26,-0.0089,-0.011699999999999999,0.0026,0.0
2014-03-27,-0.0018,-0.001,-0.0034000000000000002,0.0
2014-03-28,0.0040999999999999995,-0.0044,0.0054,0.0
2014-03-31,0.0096,0.01,-0.0018,0.0
2014-04-01,0.0087,0.0074,-0.0037,0.0
2014-04-02,0.003,0.0003,0.0015,0.0
2014-04-03,-0.0031,-0.009000000000000001,0.008100000000000001,0.0
2014-04-04,-0.0147,-0.0113,0.006999999999999999,0.0
2014-04-07,-0.0125,-0.0029,-0.0005,0.0
2014-04-08,0.0049,0.0029,-0.0022,0.0
2014-04-09,0.0121,0.0033,-0.0086,0.0
2014-04-10,-0.022400000000000003,-0.0070999999999999995,0.0079,0.0
2014-04-11,-0.010700000000000001,-0.0039000000000000003,0.0024,0.0
2014-04-14,0.0070999999999999995,-0.0051,0.002,0.0
2014-04-15,0.006,-0.0037,0.0019,0.0
2014-04-16,0.011200000000000002,0.0006,-0.0037,0.0
2014-04-17,0.0023,0.0034999999999999996,0.0023,0.0
2014-04-21,0.0038,0.002,-0.0043,0.0
2014-04-22,0.005699999999999999,0.0073,-0.0034999999999999996,0.0
2014-04-23,-0.0031,-0.0064,0.0091,0.0
2014-04-24,0.0008,-0.004,-0.0016,0.0
2014-04-25,-0.0104,-0.0097,0.0055000000000000005,0.0
2014-04-28,0.0012,-0.0064,-0.0058,0.0
2014-04-29,0.005699999999999999,-0.0021,-0.0013,0.0
2014-04-30,0.0034999999999999996,0.0023,-0.0005,0.0
2014-05-01,0.0004,-0.0015,-0.0017000000000000001,0.0
2014-05-02,-0.0008,0.0021,0.0040999999999999995,0.0
2014-05-05,0.0013,-0.0028000000000000004,-0.0055000000000000005,0.0
2014-05-06,-0.0103,-0.005600000000000001,0.0014000000000000002,0.0
2014-05-07,0.0045000000000000005,-0.008199999999999999,0.0111,0.0
2014-05-08,-0.0026,-0.0101,0.0038,0.0
2014-05-09,0.0025,0.006999999999999999,-0.0036,0.0
2014-05-12,0.012,0.0141,-0.0027,0.0
2014-05-13,-0.0005,-0.010700000000000001,0.0022,0.0
2014-05-14,-0.006,-0.011000000000000001,-0.0046,0.0
2014-05-15,-0.009000000000000001,0.0034000000000000002,-0.0028000000000000004,0.0
2014-05-16,0.0036,0.0027,-0.0043,0.0
2014-05-19,0.005,0.0060999999999999995,0.0006,0.0
2014-05-20,-0.0078000000000000005,-0.0083,0.0023,0.0
2014-05-21,0.008100000000000001,-0.0028000000000000004,0.001,0.0
2014-05-22,0.0036,0.0064,-0.0027,0.0
2014-05-23,0.0049,0.0062,-0.0022,0.0
2014-05-27,0.0069,0.0069,-0.0014000000000000002,0.0
2014-05-28,-0.0012,-0.0029,0.0022,0.0
2014-05-29,0.0054,-0.0019,-0.0011,0.0
2014-05-30,0.0006,-0.0066,0.0026,0.0
2014-06-02,0.0006,-0.0069,0.0037,0.0
2014-06-03,-0.0005,-0.0027,0.002,0.0
2014-06-04,0.0028000000000000004,0.0022,-0.0007000000000000001,0.0
2014-06-05,0.0077,0.013000000000000001,-0.0017000000000000001,0.0
2014-06-06,0.0054,0.0048,-0.0002,0.0
2014-06-09,0.0022,0.0104,-0.0031,0.0
2014-06-10,-0.0003,-0.0018,-0.0003,0.0
2014-06-11,-0.0034000000000000002,-0.0013,-0.0025,0.0
2014-06-12,-0.0069,0.0011,0.0016,0.0
2014-06-13,0.0031,-0.0005,-0.0018,0.0
2014-06-16,0.0013,0.004699999999999999,-0.0069,0.0
2014-06-17,0.0034000000000000002,0.0053,0.0045000000000000005,0.0
2014-06-18,0.0074,-0.0028000000000000004,-0.001,0.0
2014-06-19,0.0012,-0.0015,-0.0003,0.0
2014-06-20,0.0018,0.0017000000000000001,0.0004,0.0
2014-06-23,-0.0002,-0.0026,0.0009,0.0
2014-06-24,-0.0072,-0.0034999999999999996,-0.0025,0.0
2014-06-25,0.0053,0.0034999999999999996,0.0015,0.0
2014-06-26,-0.0011,-0.0009,0.0,0.0
2014-06-27,0.0025,0.0049,-0.0022,0.0
2014-06-30,0.0007000000000000001,0.0027,0.0017000000000000001,0.0
2014-07-01,0.0074,0.0049,-0.0038,0.0
2014-07-02,-0.0003,-0.0045000000000000005,-0.002,0.0
2014-07-03,0.0059,0.0021,0.0012,0.0
2014-07-07,-0.0062,-0.0127,0.0033,0.0
2014-07-08,-0.008199999999999999,-0.0068000000000000005,0.0073,0.0
2014-07-09,0.0046,-0.0038,-0.0012,0.0
2014-07-10,-0.0049,-0.006,-0.0002,0.0
2014-07-11,0.0012,-0.0022,-0.0036,0.0
2014-07-14,0.0046,0.0001,-0.0015,0.0
2014-07-15,-0.0032,-0.0095,0.01,0.0
2014-07-16,0.0033,-0.0060999999999999995,0.0034999999999999996,0.0
2014-07-17,-0.0121,-0.0039000000000000003,0.0018,0.0
2014-07-18,0.011200000000000002,0.0051,-0.0045000000000000005,0.0
2014-07-21,-0.0025,-0.0024,0.0004,0.0
2014-07-22,0.0053,0.0028000000000000004,-0.0033,0.0
2014-07-23,0.0019,0.0016,-0.0078000000000000005,0.0
2014-07-24,0.0005,-0.0031,0.0003,0.0
2014-07-25,-0.0053,-0.0039000000000000003,0.0016,0.0
2014-07-28,-0.0008,-0.004699999999999999,0.0027,0.0
2014-07-29,-0.0033,0.0070999999999999995,-0.0066,0.0
2014-07-30,0.0012,0.0046,-0.0036,0.0
2014-07-31,-0.0203,-0.002,0.0048,0.0
2014-08-01,-0.0032,-0.0019,-0.0003,0.0
2014-08-04,0.0074,0.0001,-0.0022,0.0
2014-08-05,-0.0084,0.0079,-0.0018,0.0
2014-08-06,0.0002,0.0040999999999999995,0.0011,0.0
2014-08-07,-0.0052,-0.0003,-0.0015,0.0
2014-08-08,0.0113,-0.0021,-0.0017000000000000001,0.0
2014-08-11,0.004,0.0059,-0.0026,0.0
2014-08-12,-0.0023,-0.006,0.0026,0.0
2014-08-13,0.006999999999999999,-0.0009,-0.0024,0.0
2014-08-14,0.0044,-0.0023,0.0001,0.0
2014-08-15,0.0,-0.0014000000000000002,-0.0014000000000000002,0.0
2014-08-18,0.009300000000000001,0.006,-0.0018,0.0
2014-08-19,0.0049,-0.0012,-0.0009,0.0
2014-08-20,0.0019,-0.0066,0.0029,0.0
2014-08-21,0.0028000000000000004,-0.0015,0.008100000000000001,0.0
2014-08-22,-0.001,0.0032,-0.0038,0.0
2014-08-25,0.0049,-0.0023,0.0001,0.0
2014-08-26,0.0019,0.0072,-0.0032,0.0
2014-08-27,0.0,-0.0022,0.0015,0.0
2014-08-28,-0.0019,-0.0043,0.0008,0.0
2014-08-29,0.0039000000000000003,0.0027,0.0009,0.0
2014-09-02,0.0005,0.004699999999999999,-0.0009,0.0
2014-09-03,-0.0014000000000000002,-0.005600000000000001,0.0024,0.0
2014-09-04,-0.0018,-0.0013,-0.0017000000000000001,0.0
2014-09-05,0.0045000000000000005,-0.0027,-0.0002,0.0
2014-09-08,-0.0022,0.0054,-0.0046,0.0
2014-09-09,-0.0072,-0.0043,0.0002,0.0
2014-09-10,0.0045000000000000005,0.0023,-0.004,0.0
2014-09-11,0.0019,0.0049,0.0022,0.0
2014-09-12,-0.0055000000000000005,-0.0022,0.0013,0.0
2014-09-15,-0.0028000000000000004,-0.0106,0.0063,0.0
2014-09-16,0.006999999999999999,-0.004,-0.001,0.0
2014-09-17,0.0017000000000000001,0.0009,-0.0024,0.0
2014-09-18,0.005,0.0003,0.0001,0.0
2014-09-19,-0.0018,-0.0097,0.0003,0.0
2014-09-22,-0.0097,-0.005600000000000001,0.001,0.0
2014-09-23,-0.0062,-0.0029,-0.0006,0.0
2014-09-24,0.008100000000000001,0.0011,-0.009300000000000001,0.0
2014-09-25,-0.0163,0.0008,0.0012,0.0
2014-09-26,0.0085,-0.0002,-0.0025,0.0
2014-09-29,-0.0022,0.0018,-0.0044,0.0
2014-09-30,-0.004,-0.009899999999999999,0.0011,0.0
2014-10-01,-0.0139,-0.0017000000000000001,0.003,0.0
2014-10-02,0.0016,0.0103,-0.0039000000000000003,0.0
2014-10-03,0.0108,-0.0038,-0.0045000000000000005,0.0
2014-10-06,-0.0026,-0.0078000000000000005,0.0036,0.0
2014-10-07,-0.015600000000000001,-0.0014000000000000002,0.0015,0.0
2014-10-08,0.017,0.0003,-0.0006,0.0
2014-10-09,-0.0217,-0.0042,-0.004,0.0
2014-10-10,-0.0129,-0.0017000000000000001,0.0051,0.0
2014-10-13,-0.0159,0.0134,0.0049,0.0
2014-10-14,0.0027,0.0087,-0.0012,0.0
2014-10-15,-0.0054,0.018500000000000003,-0.013300000000000001,0.0
2014-10-16,0.0022,0.0105,0.0024,0.0
2014-10-17,0.0113,-0.015700000000000002,-0.001,0.0
2014-10-20,0.009399999999999999,0.002,-0.0031,0.0
2014-10-21,0.019799999999999998,-0.0043,0.0007000000000000001,0.0
2014-10-22,-0.0085,-0.005699999999999999,0.0017000000000000001,0.0
2014-10-23,0.0129,0.0052,-0.0044,0.0
2014-10-24,0.006500000000000001,-0.004699999999999999,-0.0013,0.0
2014-10-27,-0.0017000000000000001,0.0012,-0.003,0.0
2014-10-28,0.0137,0.0158,0.0005,0.0
2014-10-29,-0.0017000000000000001,-0.0006,0.0044,0.0
2014-10-30,0.006,0.0027,-0.0052,0.0
2014-10-31,0.0123,0.0028000000000000004,0.002,0.0
2014-11-03,-0.0001,-0.0027,-0.0005,0.0
2014-11-04,-0.0034000000000000002,0.0,-0.0025,0.0
2014-11-05,0.0048,-0.005699999999999999,0.0085,0.0
2014-11-06,0.0049,0.0011,-0.0049,0.0
2014-11-07,0.0008,0.0001,0.0048,0.0
2014-11-10,0.0033,0.002,-0.005,0.0
2014-11-11,0.001,0.0003,-0.0027,0.0
2014-11-12,0.0007000000000000001,0.0076,-0.0027,0.0
2014-11-13,-0.0003,-0.009000000000000001,-0.0036,0.0
2014-11-14,0.0006,-0.0016,0.0018,0.0
2014-11-17,-0.0005,-0.0098,0.0023,0.0
2014-11-18,0.0051,0.0003,-0.0034000000000000002,0.0
2014-11-19,-0.0021,-0.009399999999999999,-0.0004,0.0
2014-11-20,0.0031,0.0089,0.0,0.0
2014-11-21,0.0048,-0.004,-0.0005,0.0
2014-11-24,0.004,0.0096,-0.0053,0.0
2014-11-25,-0.0008,0.0004,-0.0002,0.0
2014-11-26,0.0029,0.0009,-0.0049,0.0
2014-11-28,-0.0034000000000000002,-0.0089,-0.0116,0.0
2014-12-01,-0.009000000000000001,-0.009899999999999999,0.0060999999999999995,0.0
2014-12-02,0.006500000000000001,0.0040999999999999995,0.0008,0.0
2014-12-03,0.0046,0.0043,0.003,0.0
2014-12-04,-0.0017000000000000001,-0.0031,0.0007000000000000001,0.0
2014-12-05,0.0025,0.0058,0.0023,0.0
2014-12-08,-0.008199999999999999,-0.0055000000000000005,0.0018,0.0
2014-12-09,0.0013,0.0173,-0.0012,0.0
2014-12-10,-0.0172,-0.0063,-0.0013,0.0
2014-12-11,0.005,-0.0009,-0.0017000000000000001,0.0
2014-12-12,-0.0155,0.0051,-0.0059,0.0
2014-12-15,-0.0068000000000000005,-0.0027,0.0007000000000000001,0.0
2014-12-16,-0.008,0.0060999999999999995,0.006,0.0
2014-12-17,0.0215,0.0086,-0.0008,0.0
2014-12-18,0.0236,-0.0086,-0.0019,0.0
2014-12-19,0.0043,-0.0024,0.0024,0.0
2014-12-22,0.0037,0.002,-0.001,0.0
2014-12-23,0.0021,-0.003,0.011000000000000001,0.0
2014-12-24,0.0006,0.0036,-0.0018,0.0
2014-12-26,0.0038,0.0037,-0.003,0.0
2014-12-29,0.0013,0.0016,0.005699999999999999,0.0
2014-12-30,-0.0048,0.0006,0.0032,0.0
2014-12-31,-0.009300000000000001,0.005,-0.0045000000000000005,0.0
2015-01-02,-0.0012,-0.0059,0.0012,0.0
2015-01-05,-0.0184,0.0033,-0.0067,0.0
2015-01-06,-0.0103,-0.0079,-0.0029,0.0
2015-01-07,0.011899999999999999,0.002,-0.0067,0.0
2015-01-08,0.0181,-0.0011,-0.0029,0.0
2015-01-09,-0.0085,0.0,-0.004699999999999999,0.0
2015-01-12,-0.0078000000000000005,0.004,-0.0044,0.0
2015-01-13,-0.0019,0.0027,0.0001,0.0
2015-01-14,-0.006,0.0029,-0.005,0.0
2015-01-15,-0.0108,-0.01,0.0060999999999999995,0.0
2015-01-16,0.013600000000000001,0.004699999999999999,-0.0013,0.0
2015-01-20,0.0011,-0.0066,-0.0054,0.0
2015-01-21,0.0042,-0.0097,0.0059,0.0
2015-01-22,0.0158,0.0045000000000000005,0.0042,0.0
2015-01-23,-0.004699999999999999,0.005,-0.0076,0.0
2015-01-26,0.0042,0.0059,-0.0005,0.0
2015-01-27,-0.012199999999999999,0.006500000000000001,0.002,0.0
2015-01-28,-0.0139,-0.0006,-0.008100000000000001,0.0
2015-01-29,0.0098,0.0026,0.0004,0.0
2015-01-30,-0.0131,-0.0079,0.0005,0.0
2015-02-02,0.0124,-0.0046,0.01,0.0
2015-02-03,0.0149,0.0015,0.005,0.0
2015-02-04,-0.0034999999999999996,-0.0008,-0.0021,0.0
2015-02-05,0.011000000000000001,0.0046,-0.0007000000000000001,0.0
2015-02-06,-0.002,0.0009,0.0034000000000000002,0.0
2015-02-09,-0.0046,-0.0036,0.0011,0.0
2015-02-10,0.0105,-0.003,-0.0073,0.0
2015-02-11,0.0003,-0.0008,-0.0034000000000000002,0.0
2015-02-12,0.01,0.0016,-0.0005,0.0
2015-02-13,0.004699999999999999,0.0017000000000000001,-0.003,0.0
2015-02-17,0.0016,-0.0004,-0.0003,0.0
2015-02-18,0.0003,0.0032,-0.0083,0.0
2015-02-19,-0.0001,0.0028000000000000004,-0.0038,0.0
2015-02-20,0.0060999999999999995,-0.004,-0.0027,0.0
2015-02-23,-0.0008,0.0004,-0.0037,0.0
2015-02-24,0.0032,-0.0004,0.0070999999999999995,0.0
2015-02-25,0.0001,0.0023,-0.0048,0.0
2015-02-26,-0.0008,0.0066,-0.005,0.0
2015-02-27,-0.0036,-0.0022,0.0022,0.0
2015-03-02,0.0062,0.0023,-0.0046,0.0
2015-03-03,-0.0043,-0.0031,0.0032,0.0
2015-03-04,-0.0040999999999999995,0.0012,-0.0037,0.0
2015-03-05,0.0015,0.0027,-0.0043,0.0
2015-03-06,-0.0129,0.0029,0.0040999999999999995,0.0
2015-03-09,0.0037,0.0009,0.0,0.0
2015-03-10,-0.0163,0.0044,-0.0053,0.0
2015-03-11,-0.0003,0.0054,0.0051,0.0
2015-03-12,0.0128,0.004,0.0045000000000000005,0.0
2015-03-13,-0.0058,0.0021,-0.0002,0.0
2015-03-16,0.0124,-0.0077,-0.0038,0.0
2015-03-17,-0.0019,0.0053,-0.0001,0.0
2015-03-18,0.0109,-0.0053,0.0002,0.0
2015-03-19,-0.0036,0.0089,-0.0111,0.0
2015-03-20,0.008100000000000001,-0.0016,0.005600000000000001,0.0
2015-03-23,-0.0019,0.002,0.0024,0.0
2015-03-24,-0.0051,0.0060999999999999995,-0.0026,0.0
2015-03-25,-0.015600000000000001,-0.0101,0.0103,0.0
2015-03-26,-0.0022,0.0012,-0.0004,0.0
2015-03-27,0.0032,0.0051,-0.0072,0.0
2015-03-30,0.0124,0.0001,0.0001,0.0
2015-03-31,-0.0075,0.004,0.0039000000000000003,0.0
2015-04-01,-0.0038,0.0034999999999999996,0.0042,0.0
2015-04-02,0.0034999999999999996,-0.0009,0.0028000000000000004,0.0
2015-04-06,0.0060999999999999995,-0.0029,-0.0008,0.0
2015-04-07,-0.0022,-0.0019,-0.0019,0.0
2015-04-08,0.0037,0.005600000000000001,-0.0074,0.0
2015-04-09,0.0040999999999999995,-0.006999999999999999,-0.0008,0.0
2015-04-10,0.0049,-0.0008,-0.0027,0.0
2015-04-13,-0.0038,0.0051,0.0024,0.0
2015-04-14,0.001,-0.0021,0.0022,0.0
2015-04-15,0.005699999999999999,0.0025,0.0036,0.0
2015-04-16,-0.0008,-0.0009,-0.002,0.0
2015-04-17,-0.0123,-0.004699999999999999,0.0017000000000000001,0.0
2015-04-20,0.0095,0.0017000000000000001,-0.0028000000000000004,0.0
2015-04-21,-0.001,0.0018,-0.0073,0.0
2015-04-22,0.0046,-0.0037,0.0018,0.0
2015-04-23,0.0029,0.0027,-0.0025,0.0
2015-04-24,0.0017000000000000001,-0.0049,-0.003,0.0
2015-04-27,-0.0053,-0.006999999999999999,0.005600000000000001,0.0
2015-04-28,0.0027,0.0018,0.0106,0.0
2015-04-29,-0.0039000000000000003,-0.0074,0.0072,0.0
2015-04-30,-0.0111,-0.0106,0.0070999999999999995,0.0
2015-05-01,0.0101,-0.003,-0.0060999999999999995,0.0
2015-05-04,0.0032,0.0004,0.0022,0.0
2015-05-05,-0.011899999999999999,-0.0016,0.0052,0.0
2015-05-06,-0.0031,0.0064,-0.0012,0.0
2015-05-07,0.0039000000000000003,0.0008,-0.0037,0.0
2015-05-08,0.0121,-0.005600000000000001,-0.0011,0.0
2015-05-11,-0.0039000000000000003,0.0069,-0.0005,0.0
2015-05-12,-0.0026,-0.0001,0.0014000000000000002,0.0
2015-05-13,0.0001,-0.0002,0.0004,0.0
2015-05-14,0.0101,-0.0009,-0.0034000000000000002,0.0
2015-05-15,0.0005,-0.0025,-0.002,0.0
2015-05-18,0.0044,0.0075,-0.0011,0.0
2015-05-19,-0.0009,-0.0012,0.0023,0.0
2015-05-20,-0.0005,0.0021,-0.001,0.0
2015-05-21,0.0023,-0.0028000000000000004,0.0002,0.0
2015-05-22,-0.0022,-0.001,-0.0013,0.0
2015-05-26,-0.0101,-0.0002,-0.0002,0.0
2015-05-27,0.009300000000000001,0.0034999999999999996,-0.0032,0.0
2015-05-28,-0.0011,0.0009,0.0015,0.0
2015-05-29,-0.0058,0.0001,0.0005,0.0
2015-06-01,0.0017000000000000001,-0.0003,-0.0023,0.0
2015-06-02,-0.0002,0.0032,0.0034999999999999996,0.0
2015-06-03,0.0039000000000000003,0.0089,-0.0026,0.0
2015-06-04,-0.0088,-0.001,0.0,0.0
2015-06-05,0.0006,0.008199999999999999,0.0009,0.0
2015-06-08,-0.0066,0.0003,0.0001,0.0
2015-06-09,0.0002,-0.0031,0.0037,0.0
2015-06-10,0.011899999999999999,0.0015,0.0021,0.0
2015-06-11,0.0021,-0.001,-0.001,0.0
2015-06-12,-0.0063,0.0033,0.0012,0.0
2015-06-15,-0.0045000000000000005,0.0012,-0.0014000000000000002,0.0
2015-06-16,0.005699999999999999,0.0011,-0.0001,0.0
2015-06-17,0.0016,-0.0028000000000000004,-0.0066,0.0
2015-06-18,0.009899999999999999,0.0022,-0.0044,0.0
2015-06-19,-0.0043,0.005600000000000001,-0.0021,0.0
2015-06-22,0.0063,0.0009,-0.0006,0.0
2015-06-23,0.0012,0.0025,0.0029,0.0
2015-06-24,-0.0079,-0.0012,0.0013,0.0
2015-06-25,-0.0025,0.0036,-0.0021,0.0
2015-06-26,-0.0006,-0.0022,0.0040999999999999995,0.0
2015-06-29,-0.021400000000000002,-0.0044,0.0017000000000000001,0.0
2015-06-30,0.0033,0.0032,-0.0066,0.0
2015-07-01,0.0060999999999999995,-0.0076,-0.0004,0.0
2015-07-02,-0.0011,-0.005699999999999999,-0.001,0.0
2015-07-06,-0.0037,0.0019,-0.005600000000000001,0.0
2015-07-07,0.0053,-0.0046,-0.0028000000000000004,0.0
2015-07-08,-0.0168,0.0,0.0009,0.0
2015-07-09,0.0029,0.0014000000000000002,0.0002,0.0
2015-07-10,0.0123,0.0023,-0.0052,0.0
2015-07-13,0.011399999999999999,-0.0008,-0.0043,0.0
2015-07-14,0.0048,0.0017000000000000001,0.001,0.0
2015-07-15,-0.0018,-0.0079,-0.0006,0.0
2015-07-16,0.0077,-0.0016,-0.0064,0.0
2015-07-17,0.0005,-0.0059,-0.006500000000000001,0.0
2015-07-20,-0.0001,-0.0070999999999999995,-0.0060999999999999995,0.0
2015-07-21,-0.0046,0.0001,0.003,0.0
2015-07-22,-0.0017000000000000001,0.0019,0.0023,0.0
2015-07-23,-0.0058,-0.0039000000000000003,-0.0031,0.0
2015-07-24,-0.0109,-0.0062,0.0004,0.0
2015-07-27,-0.0074,-0.0025,0.0005,0.0
2015-07-28,0.0123,-0.0037,-0.0014000000000000002,0.0
2015-07-29,0.0075,-0.0039000000000000003,0.0053,0.0
2015-07-30,0.001,0.0015,-0.0027,0.0
2015-07-31,-0.0015,0.0085,-0.0101,0.0
2015-08-03,-0.0034000000000000002,-0.0033,-0.002,0.0
2015-08-04,-0.0014000000000000002,0.0003,-0.0013,0.0
2015-08-05,0.0036,-0.0002,-0.004,0.0
2015-08-06,-0.0088,-0.0053,0.019299999999999998,0.0
2015-08-07,-0.0036,-0.0048,-0.003,0.0
2015-08-10,0.0131,0.0014000000000000002,0.006999999999999999,0.0
2015-08-11,-0.0098,-0.0009,0.0042,0.0
2015-08-12,0.0007000000000000001,-0.001,-0.0032,0.0
2015-08-13,-0.0014000000000000002,-0.004699999999999999,0.0008,0.0
2015-08-14,0.0043,0.0015,0.0044,0.0
2015-08-17,0.006,0.0044,-0.0086,0.0
2015-08-18,-0.0034999999999999996,-0.0063,0.0037,0.0
2015-08-19,-0.0085,-0.0012,-0.0022,0.0
2015-08-20,-0.022400000000000003,-0.0027,0.0055000000000000005,0.0
2015-08-21,-0.029500000000000002,0.018600000000000002,0.0014000000000000002,0.0
2015-08-24,-0.0391,0.0034000000000000002,-0.0043,0.0
2015-08-25,-0.0116,0.0070999999999999995,-0.006,0.0
2015-08-26,0.0368,-0.013600000000000001,-0.0033,0.0
2015-08-27,0.024,-0.0072,0.0060999999999999995,0.0
2015-08-28,0.0023,0.009899999999999999,0.0008,0.0
2015-08-31,-0.0074,0.0077,0.014199999999999999,0.0
2015-09-01,-0.0291,0.0031,-0.005,0.0
2015-09-02,0.0182,-0.0014000000000000002,-0.0092,0.0
2015-09-03,0.0017000000000000001,-0.0034000000000000002,0.0074,0.0
2015-09-04,-0.0139,0.0091,-0.005699999999999999,0.0
2015-09-08,0.0252,-0.0034000000000000002,-0.0058,0.0
2015-09-09,-0.0134,0.0015,0.0015,0.0
2015-09-10,0.0049,-0.0011,-0.0036,0.0
2015-09-11,0.0044,-0.0019,-0.0069,0.0
2015-09-14,-0.0040999999999999995,0.0002,0.0004,0.0
2015-09-15,0.012199999999999999,-0.002,0.0027,0.0
2015-09-16,0.0085,0.0001,0.0043,0.0
2015-09-17,-0.0017000000000000001,0.0092,-0.0149,0.0
2015-09-18,-0.016200000000000003,0.005,-0.0096,0.0
2015-09-21,0.0036,-0.0096,0.0124,0.0
2015-09-22,-0.0129,-0.0028000000000000004,0.0013,0.0
2015-09-23,-0.0027,-0.0016,-0.0015,0.0
2015-09-24,-0.0036,0.0027,0.0052,0.0
2015-09-25,-0.0022,-0.0168,0.0187,0.0
2015-09-28,-0.0263,-0.0031,0.0116,0.0
2015-09-29,-0.0006,-0.0074,0.006999999999999999,0.0
2015-09-30,0.018799999999999997,-0.0043,-0.0044,0.0
2015-10-01,0.0013,-0.0045000000000000005,-0.0006,0.0
2015-10-02,0.0148,0.0032,-0.0084,0.0
2015-10-05,0.019299999999999998,0.0062,0.0077,0.0
2015-10-06,-0.0043,-0.0024,0.016399999999999998,0.0
2015-10-07,0.009399999999999999,0.0077,-0.0024,0.0
2015-10-08,0.0085,0.0023,0.0074,0.0
2015-10-09,0.0012,0.0022,-0.0108,0.0
2015-10-12,0.0006,-0.0038,-0.0008,0.0
2015-10-13,-0.0073,-0.0074,0.0066,0.0
2015-10-14,-0.006,-0.0029,-0.0007000000000000001,0.0
2015-10-15,0.015600000000000001,0.0067,-0.0009,0.0
2015-10-16,0.0034999999999999996,-0.0046,-0.0032,0.0
2015-10-19,0.0,0.0016,-0.0068000000000000005,0.0
2015-10-20,-0.0015,0.0001,0.012199999999999999,0.0
2015-10-21,-0.0073,-0.0088,-0.002,0.0
2015-10-22,0.015,-0.0079,0.0032,0.0
2015-10-23,0.0109,-0.0001,-0.005600000000000001,0.0
2015-10-26,-0.002,-0.0034000000000000002,-0.0072,0.0
2015-10-27,-0.0042,-0.0087,-0.009300000000000001,0.0
2015-10-28,0.0143,0.014199999999999999,0.0068000000000000005,0.0
2015-10-29,-0.002,-0.008100000000000001,-0.0006,0.0
2015-10-30,-0.0042,0.002,-0.005699999999999999,0.0
2015-11-02,0.0125,0.0085,-0.0002,0.0
2015-11-03,0.0033,0.004,0.0024,0.0
2015-11-04,-0.0025,0.0033,-0.0032,0.0
2015-11-05,-0.0007000000000000001,0.0002,0.0049,0.0
2015-11-06,0.0014000000000000002,0.0087,0.0033,0.0
2015-11-09,-0.0095,-0.0024,-0.0004,0.0
2015-11-10,0.0013,0.0,0.0022,0.0
2015-11-11,-0.0043,-0.005,-0.0018,0.0
2015-11-12,-0.014499999999999999,-0.0052,-0.0040999999999999995,0.0
2015-11-13,-0.0106,0.0032,0.0036,0.0
2015-11-16,0.0139,-0.006,0.0048,0.0
2015-11-17,-0.0011,-0.0012,-0.0064,0.0
2015-11-18,0.0161,-0.0002,-0.0008,0.0
2015-11-19,-0.0013,-0.0025,-0.0017000000000000001,0.0
2015-11-20,0.0034999999999999996,0.0043,-0.0039000000000000003,0.0
2015-11-23,-0.0001,0.006500000000000001,-0.0034999999999999996,0.0
2015-11-24,0.0021,0.0069,0.0025,0.0
2015-11-25,0.0007000000000000001,0.0088,-0.0054,0.0
2015-11-27,0.0009,0.0024,-0.0029,0.0
2015-11-30,-0.0048,0.0012,0.0067,0.0
2015-12-01,0.0097,-0.0066,0.0025,0.0
2015-12-02,-0.0101,0.0025,-0.006999999999999999,0.0
2015-12-03,-0.015,-0.002,0.004,0.0
2015-12-04,0.0187,-0.0102,-0.0048,0.0
2015-12-07,-0.0083,-0.0088,-0.0068000000000000005,0.0
2015-12-08,-0.0058,0.004699999999999999,-0.011899999999999999,0.0
2015-12-09,-0.0083,-0.0034999999999999996,0.0039000000000000003,0.0
2015-12-10,0.003,0.0011,-0.0023,0.0
2015-12-11,-0.0202,-0.0023,-0.0006,0.0
2015-12-14,0.0029,-0.0103,-0.0017000000000000001,0.0
2015-12-15,0.011000000000000001,0.0005,0.0079,0.0
2015-12-16,0.0147,0.0002,-0.0068000000000000005,0.0
2015-12-17,-0.0146,0.004,-0.0036,0.0
2015-12-18,-0.0169,0.0075,-0.0037,0.0
2015-12-21,0.0074,-0.0018,-0.0007000000000000001,0.0
2015-12-22,0.0089,-0.0007000000000000001,0.0051,0.0
2015-12-23,0.0129,0.0012,0.005699999999999999,0.0
2015-12-24,-0.0011,0.0029,-0.0002,0.0
2015-12-28,-0.0028000000000000004,-0.004699999999999999,-0.0036,0.0
2015-12-29,0.0105,0.0009,-0.0027,0.0
2015-12-30,-0.0074,-0.0017000000000000001,-0.0015,0.0
2015-12-31,-0.0092,-0.0024,0.0023,0.0
2016-01-04,-0.0159,-0.0087,0.0052,0.0
2016-01-05,0.0013,-0.0018,0.0,0.0
2016-01-06,-0.0134,-0.0013,0.0001,0.0
2016-01-07,-0.024399999999999998,-0.0029,0.0008,0.0
2016-01-08,-0.0111,-0.0049,-0.0003,0.0
2016-01-11,-0.0006,-0.0064,0.004,0.0
2016-01-12,0.0072,-0.0042,-0.0078000000000000005,0.0
2016-01-13,-0.026600000000000002,-0.0073,0.008,0.0
2016-01-14,0.0165,0.0002,-0.0040999999999999995,0.0
2016-01-15,-0.0213,0.004,-0.0022,0.0
2016-01-19,-0.0019,-0.013300000000000001,-0.0007000000000000001,0.0
2016-01-20,-0.009399999999999999,0.0187,-0.0126,0.0
2016-01-21,0.0045000000000000005,-0.0052,-0.0001,0.0
2016-01-22,0.0208,0.0021,-0.0019,0.0
2016-01-25,-0.017,-0.0039000000000000003,-0.0098,0.0
2016-01-26,0.0152,0.0040999999999999995,0.0118,0.0
2016-01-27,-0.0111,-0.005600000000000001,0.017,0.0
2016-01-28,0.0049,-0.0046,0.0126,0.0
2016-01-29,0.025699999999999997,0.0048,0.0042,0.0
2016-02-01,-0.0004,-0.0019,-0.01,0.0
2016-02-02,-0.02,-0.0003,-0.0036,0.0
2016-02-03,0.0046,-0.0033,0.0045000000000000005,0.0
2016-02-04,0.0027,0.0011,0.0034999999999999996,0.0
2016-02-05,-0.0206,-0.0106,0.0163,0.0
2016-02-08,-0.0151,-0.0001,0.008199999999999999,0.0
2016-02-09,-0.0008,-0.004699999999999999,-0.0029,0.0
2016-02-10,0.0001,-0.0005,-0.0055000000000000005,0.0
2016-02-11,-0.011699999999999999,0.0051,-0.0147,0.0
2016-02-12,0.019799999999999998,-0.0052,0.0108,0.0
2016-02-16,0.0178,0.0052,-0.0052,0.0
2016-02-17,0.0174,-0.0006,-0.006500000000000001,0.0
2016-02-18,-0.0051,0.0,0.0022,0.0
2016-02-19,0.0006,0.0042,-0.0058,0.0
2016-02-22,0.0143,-0.0027,0.0026,0.0
2016-02-23,-0.0121,0.004699999999999999,-0.005,0.0
2016-02-24,0.0054,0.006999999999999999,-0.0029,0.0
2016-02-25,0.011000000000000001,-0.0043,0.0022,0.0
2016-02-26,-0.0002,0.008,0.0029,0.0
2016-02-29,-0.0069,0.006500000000000001,0.0025,0.0
2016-03-01,0.023399999999999997,-0.0066,0.0039000000000000003,0.0
2016-03-02,0.0054,0.0052,0.0068000000000000005,0.0
2016-03-03,0.005,0.0046,0.006500000000000001,0.0
2016-03-04,0.0037,0.0029,0.0028000000000000004,0.0
2016-03-07,0.0021,0.012,0.0055000000000000005,0.0
2016-03-08,-0.0127,-0.011699999999999999,-0.004699999999999999,0.0
2016-03-09,0.005,0.0001,0.004,0.0
2016-03-10,-0.001,-0.0086,0.0062,0.0
2016-03-11,0.0169,0.0028000000000000004,0.0023,0.0
2016-03-14,-0.0012,-0.0008,-0.009000000000000001,0.0
2016-03-15,-0.0034999999999999996,-0.0149,0.0069,0.0
2016-03-16,0.0063,0.001,-0.0009,0.0
2016-03-17,0.0070999999999999995,0.0083,0.0059,0.0
2016-03-18,0.0054,0.0037,-0.0014000000000000002,0.0
2016-03-21,0.001,-0.0022,-0.0032,0.0
2016-03-22,-0.0005,-0.0001,-0.0045000000000000005,0.0
2016-03-23,-0.0085,-0.011699999999999999,-0.0016,0.0
2016-03-24,0.0,0.0048,-0.0006,0.0
2016-03-28,0.0004,-0.0003,0.0016,0.0
2016-03-29,0.010700000000000001,0.018000000000000002,-0.011899999999999999,0.0
2016-03-30,0.0040999999999999995,-0.003,0.0016,0.0
2016-03-31,-0.0011,0.0045000000000000005,-0.0049,0.0
2016-04-01,0.0064,-0.0025,-0.0063,0.0
2016-04-04,-0.0040999999999999995,-0.002,-0.0078000000000000005,0.0
2016-04-05,-0.009399999999999999,-0.0008,-0.0038,0.0
2016-04-06,0.011399999999999999,0.0022,-0.0076,0.0
2016-04-07,-0.0123,-0.0005,-0.0038,0.0
2016-04-08,0.0029,0.0002,0.0068000000000000005,0.0
2016-04-11,-0.0028000000000000004,-0.0013,0.0095,0.0
2016-04-12,0.009899999999999999,-0.0007000000000000001,0.0087,0.0
2016-04-13,0.0123,0.0086,0.0038,0.0
2016-04-14,0.0003,-0.0026,0.0014000000000000002,0.0
2016-04-15,-0.0004,0.0034000000000000002,-0.0034000000000000002,0.0
2016-04-18,0.006500000000000001,0.0011,-0.0019,0.0
2016-04-19,0.0028000000000000004,-0.0037,0.0148,0.0
2016-04-20,0.0015,-0.0011,0.0058,0.0
2016-04-21,-0.0048,0.001,-0.006,0.0
2016-04-22,0.0012,0.008199999999999999,0.0051,0.0
2016-04-25,-0.0024,-0.0058,-0.0018,0.0
2016-04-26,0.0029,0.0066,0.008100000000000001,0.0
2016-04-27,0.0021,0.0005,0.006999999999999999,0.0
2016-04-28,-0.0096,-0.0013,-0.0002,0.0
2016-04-29,-0.005,-0.0015,0.0036,0.0
2016-05-02,0.0078000000000000005,0.0003,-0.0038,0.0
2016-05-03,-0.0105,-0.0066,-0.0045000000000000005,0.0
2016-05-04,-0.0066,-0.0014000000000000002,0.0005,0.0
2016-05-05,-0.0008,-0.005,0.0006,0.0
2016-05-06,0.0038,0.0003,0.0024,0.0
2016-05-09,0.0005,0.0039000000000000003,-0.0146,0.0
2016-05-10,0.0126,-0.004,0.005,0.0
2016-05-11,-0.0089,-0.0034999999999999996,0.0079,0.0
2016-05-12,-0.0011,-0.0062,0.0014000000000000002,0.0
2016-05-13,-0.008199999999999999,0.0039000000000000003,-0.0067,0.0
2016-05-16,0.009899999999999999,0.0028000000000000004,-0.0023,0.0
2016-05-17,-0.0095,-0.008,0.0060999999999999995,0.0
2016-05-18,0.001,0.0013,0.0089,0.0
2016-05-19,-0.0032,-0.0034999999999999996,-0.0026,0.0
2016-05-20,0.0075,0.009000000000000001,-0.0026,0.0
2016-05-23,-0.0019,0.0025,-0.0032,0.0
2016-05-24,0.0143,0.0070999999999999995,-0.0034999999999999996,0.0
2016-05-25,0.0070999999999999995,-0.0021,0.005600000000000001,0.0
2016-05-26,-0.0004,-0.0008,-0.0053,0.0
2016-05-27,0.0048,0.0034999999999999996,-0.0017000000000000001,0.0
2016-05-31,-0.0001,0.0052,-0.0037,0.0
2016-06-01,0.002,0.006500000000000001,-0.0021,0.0
2016-06-02,0.0034999999999999996,0.0033,-0.0058,0.0
2016-06-03,-0.0038,-0.0016,-0.0007000000000000001,0.0
2016-06-06,0.006,0.0067,0.0031,0.0
2016-06-07,0.0012,0.0016,0.001,0.0
2016-06-08,0.0037,0.0045000000000000005,-0.0009,0.0
2016-06-09,-0.0027,-0.004,-0.0024,0.0
2016-06-10,-0.0105,-0.0034999999999999996,-0.0018,0.0
2016-06-13,-0.0084,-0.0034999999999999996,0.0012,0.0
2016-06-14,-0.0019,0.0026,-0.0072,0.0
2016-06-15,-0.0011,0.0023,-0.0003,0.0
2016-06-16,0.0024,-0.0034999999999999996,-0.0044,0.0
2016-06-17,-0.003,-0.0011,0.0095,0.0
2016-06-20,0.0070999999999999995,0.0062,0.0001,0.0
2016-06-21,0.0021,-0.0064,0.0051,0.0
2016-06-22,-0.002,-0.0032,0.0007000000000000001,0.0
2016-06-23,0.014499999999999999,0.0051,0.004699999999999999,0.0
2016-06-24,-0.0369,0.0017000000000000001,-0.0121,0.0
2016-06-27,-0.0206,-0.0095,-0.0072,0.0
2016-06-28,0.0176,-0.0038,0.0016,0.0
2016-06-29,0.0179,0.0028000000000000004,-0.0004,0.0
2016-06-30,0.014199999999999999,0.0034999999999999996,0.0042,0.0
2016-07-01,0.0024,0.0052,-0.0043,0.0
2016-07-05,-0.0084,-0.0063,-0.0138,0.0
2016-07-06,0.0062,0.0017000000000000001,-0.0012,0.0
2016-07-07,0.0002,0.0033,-0.0018,0.0
2016-07-08,0.0159,0.0091,0.0033,0.0
2016-07-11,0.0042,0.006,0.0028000000000000004,0.0
2016-07-12,0.0075,0.0062,0.0098,0.0
2016-07-13,-0.0004,-0.0051,0.0048,0.0
2016-07-14,0.0051,-0.0046,0.0046,0.0
2016-07-15,-0.0005,0.0031,0.0001,0.0
2016-07-18,0.0024,-0.0002,-0.0014000000000000002,0.0
2016-07-19,-0.0022,-0.0064,0.0004,0.0
2016-07-20,0.0048,0.0044,-0.0089,0.0
2016-07-21,-0.0038,-0.0005,-0.0003,0.0
2016-07-22,0.0048,0.0026,-0.0013,0.0
2016-07-25,-0.0027,-0.0005,-0.0023,0.0
2016-07-26,0.0013,0.0058,0.0054,0.0
2016-07-27,-0.0014000000000000002,0.0055000000000000005,-0.0043,0.0
2016-07-28,0.0019,-0.0048,-0.0033,0.0
2016-07-29,0.0017000000000000001,-0.0005,0.0003,0.0
2016-08-01,-0.0016,0.002,-0.009000000000000001,0.0
2016-08-02,-0.006999999999999999,-0.005699999999999999,0.0017000000000000001,0.0
2016-08-03,0.0045000000000000005,0.0049,0.008,0.0
2016-08-04,0.0005,0.0009,-0.0038,0.0
2016-08-05,0.0092,0.0039000000000000003,0.01,0.0
2016-08-08,-0.0006,0.0002,0.005,0.0
2016-08-09,0.0005,-0.0003,-0.0028000000000000004,0.0
2016-08-10,-0.0029,-0.0044,-0.0018,0.0
2016-08-11,0.0054,0.0014000000000000002,0.0003,0.0
2016-08-12,-0.0006,0.0009,-0.0017000000000000001,0.0
2016-08-15,0.0038,0.0075,0.0039000000000000003,0.0
2016-08-16,-0.005699999999999999,-0.0027,0.0058,0.0
2016-08-17,0.0012,-0.0055000000000000005,0.0024,0.0
2016-08-18,0.0032,0.0046,0.0034000000000000002,0.0
2016-08-19,-0.0011,0.001,-0.0013,0.0
2016-08-22,-0.0002,0.0025,-0.004,0.0
2016-08-23,0.0026,0.005699999999999999,-0.0001,0.0
2016-08-24,-0.0055000000000000005,-0.0048,0.0037,0.0
2016-08-25,-0.0008,0.0019,0.0048,0.0
2016-08-26,-0.0015,0.0014000000000000002,-0.0008,0.0
2016-08-29,0.0053,-0.0008,0.0034000000000000002,0.0
2016-08-30,-0.0014000000000000002,0.0012,0.0028000000000000004,0.0
2016-08-31,-0.0024,-0.0039000000000000003,0.0015,0.0
2016-09-01,0.0003,0.0012,-0.0051,0.0
2016-09-02,0.0053,0.004,0.0036,0.0
2016-09-06,0.0027,0.0009,-0.0055000000000000005,0.0
2016-09-07,0.0009,0.0063,0.0002,0.0
2016-09-08,-0.0018,-0.0001,0.0059,0.0
2016-09-09,-0.0246,-0.005699999999999999,0.0043,0.0
2016-09-12,0.0144,0.0001,-0.0044,0.0
2016-09-13,-0.0148,-0.0024,-0.0043,0.0
2016-09-14,-0.0008,0.0012,-0.008100000000000001,0.0
2016-09-15,0.010700000000000001,0.003,-0.0032,0.0
2016-09-16,-0.0036,0.0032,-0.0044,0.0
2016-09-19,0.0005,0.0043,0.0015,0.0
2016-09-20,-0.0001,-0.0024,-0.004,0.0
2016-09-21,0.011200000000000002,0.0015,0.0033,0.0
2016-09-22,0.006999999999999999,0.0086,-0.0006,0.0
2016-09-23,-0.0059,-0.001,-0.002,0.0
2016-09-26,-0.0088,-0.0022,-0.0036,0.0
2016-09-27,0.0064,-0.0007000000000000001,-0.0049,0.0
2016-09-28,0.005600000000000001,0.002,0.011000000000000001,0.0
2016-09-29,-0.0098,-0.004,0.005,0.0
2016-09-30,0.0088,0.0038,0.0034000000000000002,0.0
2016-10-03,-0.0026,-0.0002,-0.0014000000000000002,0.0
2016-10-04,-0.0045000000000000005,0.0003,0.0014000000000000002,0.0
2016-10-05,0.0058,0.0029,0.008,0.0
2016-10-06,-0.0006,-0.0025,0.0028000000000000004,0.0
2016-10-07,-0.0038,-0.0051,0.002,0.0
2016-10-10,0.0052,0.005600000000000001,0.0005,0.0
2016-10-11,-0.013000000000000001,-0.0059,0.0043,0.0
2016-10-12,0.0006,-0.0024,0.0034000000000000002,0.0
2016-10-13,-0.0040999999999999995,-0.0069,-0.0062,0.0
2016-10-14,0.0001,-0.0039000000000000003,0.0058,0.0
2016-10-17,-0.0029,-0.0004,0.0015,0.0
2016-10-18,0.006,-0.0018,0.0005,0.0
2016-10-19,0.0024,0.0005,0.009300000000000001,0.0
2016-10-20,-0.0016,-0.0003,-0.0011,0.0
2016-10-21,0.0002,-0.0014000000000000002,-0.0033,0.0
2016-10-24,0.0054,0.0006,-0.0019,0.0
2016-10-25,-0.0046,-0.0059,0.0024,0.0
2016-10-26,-0.0023,-0.0084,0.0070999999999999995,0.0
2016-10-27,-0.0032,-0.0096,0.005600000000000001,0.0
2016-10-28,-0.0029,-0.001,0.0009,0.0
2016-10-31,0.0002,0.0007000000000000001,0.0009,0.0
2016-11-01,-0.0068000000000000005,-0.0039000000000000003,0.0023,0.0
2016-11-02,-0.0073,-0.0064,0.0026,0.0
2016-11-03,-0.004,-0.0045000000000000005,0.0105,0.0
2016-11-04,-0.0012,0.0086,-0.0042,0.0
2016-11-07,0.022400000000000003,0.0018,-0.0011,0.0
2016-11-08,0.004,-0.0008,-0.0023,0.0
2016-11-09,0.014499999999999999,0.018799999999999997,0.010700000000000001,0.0
2016-11-10,0.0032,0.011399999999999999,0.018500000000000003,0.0
2016-11-11,0.0018,0.0252,-0.0002,0.0
2016-11-14,0.002,0.0064,0.0141,0.0
2016-11-15,0.008,-0.0054,0.0015,0.0
2016-11-16,-0.0012,0.003,-0.0054,0.0
2016-11-17,0.005600000000000001,0.0013,-0.0015,0.0
2016-11-18,-0.0016,0.005600000000000001,0.0038,0.0
2016-11-21,0.0077,-0.0026,0.0005,0.0
2016-11-22,0.0031,0.005600000000000001,0.0053,0.0
2016-11-23,0.0015,0.005,0.0019,0.0
2016-11-25,0.004,-0.0006,-0.0029,0.0
2016-11-28,-0.0064,-0.0076,0.0008,0.0
2016-11-29,0.0012,-0.0036,-0.0005,0.0
2016-11-30,-0.0025,-0.0038,0.022000000000000002,0.0
2016-12-01,-0.0036,-0.0064,0.0203,0.0
2016-12-02,0.0,0.0004,-0.0032,0.0
2016-12-05,0.0075,0.0109,0.0027,0.0
2016-12-06,0.004699999999999999,0.0062,0.0021,0.0
2016-12-07,0.0126,-0.006,0.0048,0.0
2016-12-08,0.0036,0.0116,0.006,0.0
2016-12-09,0.0046,-0.0028000000000000004,0.002,0.0
2016-12-12,-0.003,-0.0095,-0.0014000000000000002,0.0
2016-12-13,0.006,-0.0053,-0.0025,0.0
2016-12-14,-0.008199999999999999,-0.0038,-0.0028000000000000004,0.0
2016-12-15,0.0046,0.0038,0.0029,0.0
2016-12-16,-0.0022,0.0007000000000000001,-0.0040999999999999995,0.0
2016-12-19,0.0022,0.0033,0.0006,0.0
2016-12-20,0.0044,0.0043,0.0064,0.0
2016-12-21,-0.0024,-0.0036,0.002,0.0
2016-12-22,-0.003,-0.0075,0.0025,0.0
2016-12-23,0.0019,0.005699999999999999,-0.005,0.0
2016-12-27,0.0027,0.0022,0.0013,0.0
2016-12-28,-0.0087,-0.0027,0.0008,0.0
2016-12-29,-0.0004,0.0015,-0.0033,0.0
2016-12-30,-0.0052,-0.0011,0.0021,0.0
2017-01-03,0.0083,-0.0012,0.0006,0.0
2017-01-04,0.0079,0.0095,-0.0015,0.0
2017-01-05,-0.0021,-0.0088,-0.0078000000000000005,0.0
2017-01-06,0.0029,-0.0066,-0.0031,0.0
2017-01-09,-0.0037,-0.003,-0.0103,0.0
2017-01-10,0.0016,0.0088,0.0043,0.0
2017-01-11,0.0031,-0.0023,0.0068000000000000005,0.0
2017-01-12,-0.003,-0.0058,-0.0086,0.0
2017-01-13,0.0029,0.0060999999999999995,-0.0009,0.0
2017-01-17,-0.0049,-0.0085,-0.0064,0.0
2017-01-18,0.0024,0.0018,0.0023,0.0
2017-01-19,-0.0038,-0.005,-0.0006,0.0
2017-01-20,0.0033,0.0005,0.0022,0.0
2017-01-23,-0.0029,-0.0004,-0.0033,0.0
2017-01-24,0.008199999999999999,0.0070999999999999995,0.008100000000000001,0.0
2017-01-25,0.0084,0.0017000000000000001,0.0043,0.0
2017-01-26,-0.001,-0.0062,0.004,0.0
2017-01-27,-0.0012,-0.0001,-0.0068000000000000005,0.0
2017-01-30,-0.0068000000000000005,-0.0072,-0.0046,0.0
2017-01-31,0.0,0.0087,-0.0055000000000000005,0.0
2017-02-01,0.0003,-0.0008,0.0004,0.0
2017-02-02,-0.0002,-0.0023,-0.0029,0.0
2017-02-03,0.008199999999999999,0.0051,0.0074,0.0
2017-02-06,-0.0027,-0.0062,-0.0016,0.0
2017-02-07,0.0,-0.003,-0.0051,0.0
2017-02-08,0.0007000000000000001,-0.0024,-0.0059,0.0
2017-02-09,0.0070999999999999995,0.0068000000000000005,0.0008,0.0
2017-02-10,0.0037,0.0039000000000000003,0.0017000000000000001,0.0
2017-02-13,0.0049,-0.0032,0.0034000000000000002,0.0
2017-02-14,0.0045000000000000005,-0.0024,0.0034999999999999996,0.0
2017-02-15,0.0053,0.0018,-0.0042,0.0
2017-02-16,-0.0016,-0.0022,0.0,0.0
2017-02-17,0.002,0.0,-0.0054,0.0
2017-02-21,0.006,-0.0001,0.0013,0.0
2017-02-22,-0.0015,-0.0037,0.001,0.0
2017-02-23,-0.0012,-0.0066,0.0024,0.0
2017-02-24,0.0015,0.0003,-0.0096,0.0
2017-02-27,0.0021,0.0083,-0.0034000000000000002,0.0
2017-02-28,-0.0042,-0.0137,0.0014000000000000002,0.0
2017-03-01,0.0147,0.0042,0.0077,0.0
2017-03-02,-0.0069,-0.0052,-0.009000000000000001,0.0
2017-03-03,0.0008,-0.0022,0.0014000000000000002,0.0
2017-03-06,-0.0037,-0.0034999999999999996,-0.0008,0.0
2017-03-07,-0.0034999999999999996,-0.0029,-0.0007000000000000001,0.0
2017-03-08,-0.0019,-0.0012,-0.0083,0.0
2017-03-09,0.0005,-0.004699999999999999,-0.0023,0.0
2017-03-10,0.0034000000000000002,0.0009,-0.004699999999999999,0.0
2017-03-13,0.0013,0.0032,-0.0008,0.0
2017-03-14,-0.0036,-0.0023,-0.0001,0.0
2017-03-15,0.0086,0.0070999999999999995,-0.0046,0.0
2017-03-16,-0.0007000000000000001,0.0046,0.0023,0.0
2017-03-17,-0.0008,0.0064,-0.0034000000000000002,0.0
2017-03-20,-0.0025,-0.0011,-0.0070999999999999995,0.0
2017-03-21,-0.0149,-0.013300000000000001,-0.0070999999999999995,0.0
2017-03-22,0.0016,-0.003,-0.005699999999999999,0.0
2017-03-23,-0.0003,0.0069,0.0049,0.0
2017-03-24,-0.0005,0.0013,-0.002,0.0
2017-03-27,-0.0005,0.0054,-0.0049,0.0
2017-03-28,0.0073,-0.0014000000000000002,0.0072,0.0
2017-03-29,0.0018,0.0038,-0.0009,0.0
2017-03-30,0.0036,0.0034000000000000002,0.0092,0.0
2017-03-31,-0.0016,0.0058,-0.0032,0.0
2017-04-03,-0.0028000000000000004,-0.0111,-0.0008,0.0
2017-04-04,0.0005,-0.0023,0.0031,0.0
2017-04-05,-0.0044,-0.0079,-0.003,0.0
2017-04-06,0.0031,0.0066,0.0048,0.0
2017-04-07,-0.0008,0.0013,-0.0026,0.0
2017-04-10,0.0008,0.001,0.0007000000000000001,0.0
2017-04-11,-0.0005,0.008,0.0023,0.0
2017-04-12,-0.0049,-0.0084,-0.0054,0.0
2017-04-13,-0.0075,-0.0025,-0.008100000000000001,0.0
2017-04-17,0.0089,0.0024,0.0024,0.0
2017-04-18,-0.0025,0.0037,-0.0019,0.0
2017-04-19,-0.0008,0.0059,-0.0044,0.0
2017-04-20,0.0083,0.0054,0.0026,0.0
2017-04-21,-0.0028000000000000004,0.0011,-0.0015,0.0
2017-04-24,0.0118,0.0016,0.005,0.0
2017-04-25,0.0066,0.0037,-0.0007000000000000001,0.0
2017-04-26,0.0004,0.0070999999999999995,0.0032,0.0
2017-04-27,0.0005,-0.0013,-0.0097,0.0
2017-04-28,-0.003,-0.006999999999999999,-0.006,0.0
2017-05-01,0.0021,0.0025,-0.0011,0.0
2017-05-02,0.0003,-0.0046,-0.0023,0.0
2017-05-03,-0.0019,-0.0055000000000000005,0.0023,0.0
2017-05-04,0.0002,-0.0007000000000000001,-0.0033,0.0
2017-05-05,0.0046,0.0007000000000000001,0.0,0.0
2017-05-08,-0.0004,-0.0024,0.0025,0.0
2017-05-09,-0.0005,0.0049,-0.008,0.0
2017-05-10,0.002,0.0019,0.0003,0.0
2017-05-11,-0.0025,-0.0039000000000000003,-0.0016,0.0
2017-05-12,-0.0018,-0.003,-0.0060999999999999995,0.0
2017-05-15,0.0053,0.0025,0.002,0.0
2017-05-16,-0.0003,0.0014000000000000002,-0.0009,0.0
2017-05-17,-0.0197,-0.0086,-0.006,0.0
2017-05-18,0.004,0.0005,-0.0038,0.0
2017-05-19,0.006999999999999999,-0.0037,0.004,0.0
2017-05-22,0.005600000000000001,0.0028000000000000004,-0.003,0.0
2017-05-23,0.0018,-0.001,0.0064,0.0
2017-05-24,0.0024,-0.0013,-0.0046,0.0
2017-05-25,0.0042,-0.0028000000000000004,-0.0074,0.0
2017-05-26,0.0006,-0.0003,0.001,0.0
2017-05-30,-0.0019,-0.005,-0.0034999999999999996,0.0
2017-05-31,-0.0002,0.0004,-0.0053,0.0
2017-06-01,0.009399999999999999,0.01,0.0004,0.0
2017-06-02,0.0034999999999999996,0.005699999999999999,-0.0076,0.0
2017-06-05,-0.0017000000000000001,-0.0046,-0.0004,0.0
2017-06-06,-0.0028000000000000004,0.0009,-0.0003,0.0
2017-06-07,0.0015,-0.0017000000000000001,-0.0004,0.0
2017-06-08,0.0018,0.011399999999999999,0.009300000000000001,0.0
2017-06-09,-0.0012,0.0004,0.024399999999999998,0.0
2017-06-12,-0.0012,-0.0025,0.0034000000000000002,0.0
2017-06-13,0.0055000000000000005,0.0008,-0.0014000000000000002,0.0
2017-06-14,-0.0017000000000000001,-0.004699999999999999,-0.0052,0.0
2017-06-15,-0.003,-0.0024,-0.0011,0.0
2017-06-16,-0.0004,-0.0021,-0.0019,0.0
2017-06-19,0.0086,0.001,-0.0073,0.0
2017-06-20,-0.0073,-0.004,-0.0048,0.0
2017-06-21,-0.0007000000000000001,-0.0006,-0.0167,0.0
2017-06-22,0.0002,0.0051,-0.0040999999999999995,0.0
2017-06-23,0.0024,0.0083,-0.0048,0.0
2017-06-26,0.0004,-0.0003,0.006999999999999999,0.0
2017-06-27,-0.0085,-0.0039000000000000003,0.0134,0.0
2017-06-28,0.0101,0.0075,0.0021,0.0
2017-06-29,-0.0083,-0.0013,0.0137,0.0
2017-06-30,0.0014000000000000002,-0.0009,-0.003,0.0
2017-07-03,0.0023,0.0036,0.0121,0.0
2017-07-05,0.0012,-0.0068000000000000005,-0.0058,0.0
2017-07-06,-0.0095,-0.005,0.0012,0.0
2017-07-07,0.0069,0.0040999999999999995,-0.0040999999999999995,0.0
2017-07-10,0.0005,-0.0044,-0.0007000000000000001,0.0
2017-07-11,0.0,0.0036,-0.0055000000000000005,0.0
2017-07-12,0.0072,0.0012,-0.0052,0.0
2017-07-13,0.0017000000000000001,-0.0008,0.0039000000000000003,0.0
2017-07-14,0.0042,-0.0013,-0.0052,0.0
2017-07-17,0.0,0.0021,0.001,0.0
2017-07-18,0.0004,-0.0029,-0.003,0.0
2017-07-19,0.0059,0.0052,0.0003,0.0
2017-07-20,-0.0001,0.0006,-0.0005,0.0
2017-07-21,-0.0008,-0.0040999999999999995,-0.0024,0.0
2017-07-24,-0.0003,0.001,-0.0018,0.0
2017-07-25,0.0038,0.0036,0.0096,0.0
2017-07-26,-0.0006,-0.0034999999999999996,-0.0076,0.0
2017-07-27,-0.0014000000000000002,-0.0063,0.0044,0.0
2017-07-28,-0.0017000000000000001,-0.0003,0.0027,0.0
2017-07-31,-0.0011,-0.0034999999999999996,0.0046,0.0
2017-08-01,0.0024,-0.0019,0.0014000000000000002,0.0
2017-08-02,-0.0008,-0.011699999999999999,0.0015,0.0
2017-08-03,-0.0021,-0.0034000000000000002,-0.0033,0.0
2017-08-04,0.0025,0.0032,0.004,0.0
2017-08-07,0.0016,-0.001,-0.0058,0.0
2017-08-08,-0.0023,-0.0007000000000000001,0.0023,0.0
2017-08-09,-0.0014000000000000002,-0.0078000000000000005,-0.0008,0.0
2017-08-10,-0.0149,-0.003,0.0026,0.0
2017-08-11,0.0019,0.0024,-0.0087,0.0
2017-08-14,0.0103,0.0029,0.0012,0.0
2017-08-15,-0.0011,-0.0086,-0.0003,0.0
2017-08-16,0.0018,-0.0013,-0.0044,0.0
2017-08-17,-0.016,-0.0017000000000000001,-0.0017000000000000001,0.0
2017-08-18,-0.0015,0.0012,0.0024,0.0
2017-08-21,0.0006,-0.0024,-0.0022,0.0
2017-08-22,0.010700000000000001,-0.0002,-0.0024,0.0
2017-08-23,-0.0032,0.0009,0.0040999999999999995,0.0
2017-08-24,-0.0015,0.0059,0.0016,0.0
2017-08-25,0.0018,0.0012,0.005600000000000001,0.0
2017-08-28,0.0008,0.0034000000000000002,-0.0074,0.0
2017-08-29,0.001,0.0013,-0.0038,0.0
2017-08-30,0.0053,0.0,-0.0032,0.0
2017-08-31,0.0062,0.0049,-0.0043,0.0
2017-09-01,0.0028000000000000004,0.0040999999999999995,0.004,0.0
2017-09-05,-0.008,0.0007000000000000001,-0.009899999999999999,0.0
2017-09-06,0.0028000000000000004,-0.0006,0.0012,0.0
2017-09-07,-0.0007000000000000001,0.0014000000000000002,-0.0091,0.0
2017-09-08,-0.0017000000000000001,0.0003,0.0038,0.0
2017-09-11,0.010700000000000001,-0.0011,0.0064,0.0
2017-09-12,0.0042,0.0024,0.0072,0.0
2017-09-13,0.001,0.0027,0.0032,0.0
2017-09-14,-0.0013,-0.0003,-0.0006,0.0
2017-09-15,0.0019,0.0029,0.0014000000000000002,0.0
2017-09-18,0.0024,0.0039000000000000003,0.0021,0.0
2017-09-19,0.0015,-0.0029,0.004,0.0
2017-09-20,0.0015,0.0022,0.0049,0.0
2017-09-21,-0.0028000000000000004,0.001,0.0037,0.0
2017-09-22,0.0013,0.0044,0.0012,0.0
2017-09-25,-0.0026,0.0031,0.0059,0.0
2017-09-26,0.0006,0.004,0.0017000000000000001,0.0
2017-09-27,0.0063,0.0139,0.0023,0.0
2017-09-28,0.0013,0.0018,-0.0005,0.0
2017-09-29,0.0034999999999999996,-0.0014000000000000002,-0.0026,0.0
2017-10-02,0.005,0.0085,0.0013,0.0
2017-10-03,0.0026,-0.0004,-0.0005,0.0
2017-10-04,0.0005,-0.0027,-0.0045000000000000005,0.0
2017-10-05,0.0055000000000000005,-0.0033,0.0039000000000000003,0.0
2017-10-06,-0.0008,-0.0006,-0.0025,0.0
2017-10-09,-0.0023,-0.0028000000000000004,0.0,0.0
2017-10-10,0.0024,-0.0001,0.0043,0.0
2017-10-11,0.0016,-0.0019,-0.0019,0.0
2017-10-12,-0.0018,0.0004,-0.0052,0.0
2017-10-13,0.0004,-0.0022,0.0012,0.0
2017-10-16,0.0017000000000000001,-0.0027,0.0036,0.0
2017-10-17,0.0001,-0.0034000000000000002,-0.0031,0.0
2017-10-18,0.0014000000000000002,0.0029,0.0023,0.0
2017-10-19,0.0002,-0.0039000000000000003,0.0016,0.0
2017-10-20,0.005699999999999999,-0.0009,0.0027,0.0
2017-10-23,-0.0045000000000000005,-0.0044,0.0017000000000000001,0.0
2017-10-24,0.002,-0.0019,0.0049,0.0
2017-10-25,-0.005,0.0002,0.0015,0.0
2017-10-26,0.002,0.0004,0.0028000000000000004,0.0
2017-10-27,0.008199999999999999,-0.0003,-0.0098,0.0
2017-10-30,-0.0046,-0.008100000000000001,-0.0005,0.0
2017-10-31,0.0023,0.0084,-0.0025,0.0
2017-11-01,0.0005,-0.0079,0.0008,0.0
2017-11-02,0.0006,-0.0001,0.0051,0.0
2017-11-03,0.003,-0.0044,-0.0072,0.0
2017-11-06,0.0006,0.0023,0.0019,0.0
2017-11-07,-0.002,-0.013600000000000001,-0.004,0.0
2017-11-08,0.0012,0.0004,-0.006,0.0
2017-11-09,-0.0040999999999999995,-0.0004,0.0022,0.0
2017-11-10,0.0001,0.0006,-0.0043,0.0
2017-11-13,0.0009,-0.003,0.0009,0.0
2017-11-14,-0.0022,-0.0012,0.0,0.0
2017-11-15,-0.0052,-0.0004,0.0023,0.0
2017-11-16,0.0101,0.0086,-0.0053,0.0
2017-11-17,-0.0014000000000000002,0.0074,0.0027,0.0
2017-11-20,0.0021,0.005600000000000001,0.0003,0.0
2017-11-21,0.0067,0.0040999999999999995,-0.0033,0.0
2017-11-22,-0.0005,0.0011,-0.0008,0.0
2017-11-24,0.0021,0.0002,-0.0043,0.0
2017-11-27,-0.0006,-0.0037,0.0001,0.0
2017-11-28,0.0106,0.0039000000000000003,0.0086,0.0
2017-11-29,0.0002,0.0007000000000000001,0.0148,0.0
2017-11-30,0.008199999999999999,-0.005600000000000001,-0.0052,0.0
2017-12-01,-0.0022,-0.0036,0.0038,0.0
2017-12-04,-0.0011,-0.0034000000000000002,0.012199999999999999,0.0
2017-12-05,-0.0042,-0.0046,-0.0022,0.0
2017-12-06,-0.0009,-0.0046,-0.0052,0.0
2017-12-07,0.0042,0.0026,-0.002,0.0
2017-12-08,0.0051,-0.0046,-0.0013,0.0
2017-12-11,0.0027,-0.0043,-0.0018,0.0
2017-12-12,0.0007000000000000001,-0.0052,0.005,0.0
2017-12-13,0.0002,0.0072,-0.0089,0.0
2017-12-14,-0.004699999999999999,-0.006999999999999999,-0.0022,0.0
2017-12-15,0.0092,0.0068000000000000005,0.0004,0.0
2017-12-18,0.0066,0.0075,0.0027,0.0
2017-12-19,-0.003,-0.0036,-0.0024,0.0
2017-12-20,0.0001,0.0034999999999999996,0.0006,0.0
2017-12-21,0.0024,0.0027,0.0063,0.0
2017-12-22,-0.0007000000000000001,-0.0021,-0.0021,0.0
2017-12-26,-0.0007000000000000001,0.0033,-0.0007000000000000001,0.0
2017-12-27,0.0005,-0.0013,-0.002,0.0
2017-12-28,0.0022,0.0012,0.0005,0.0
2017-12-29,-0.005699999999999999,-0.0031,0.0001,0.0
2018-01-02,0.0085,0.0034999999999999996,-0.0021,0.0001
2018-01-03,0.0059,-0.0039000000000000003,-0.0019,0.0001
2018-01-04,0.0042,-0.0026,0.0024,0.0001
2018-01-05,0.0066,-0.0034999999999999996,-0.0025,0.0001
2018-01-08,0.0019,-0.0015,0.0004,0.0001
2018-01-09,0.0015,-0.0034999999999999996,-0.0004,0.0001
2018-01-10,-0.0007000000000000001,0.0006,0.005699999999999999,0.0001
2018-01-11,0.0086,0.011399999999999999,0.003,0.0001
2018-01-12,0.0066,-0.0032,0.0016,0.0001
2018-01-16,-0.0049,-0.0102,0.0001,0.0001
2018-01-17,0.0095,-0.0003,-0.0009,0.0001
2018-01-18,-0.0018,-0.005,-0.0025,0.0001
2018-01-19,0.005699999999999999,0.009399999999999999,-0.0005,0.0001
2018-01-22,0.0077,-0.0034000000000000002,-0.0016,0.0001
2018-01-23,0.0022,0.0014000000000000002,-0.0036,0.0001
2018-01-24,-0.0013,-0.0084,0.0044,0.0001
2018-01-25,0.0007000000000000001,0.0014000000000000002,-0.0054,0.0001
2018-01-26,0.0111,-0.006,-0.0051,0.0001
2018-01-29,-0.0062,-0.0003,-0.0028000000000000004,0.0001
2018-01-30,-0.0106,0.0014000000000000002,-0.0021,0.0001
2018-01-31,-0.0007000000000000001,-0.0074,0.0011,0.0001
2018-02-01,0.0003,0.0008,0.0053,0.0001
2018-02-02,-0.0213,0.0004,-0.0029,0.0001
2018-02-05,-0.0403,0.0079,-0.0059,0.0001
2018-02-06,0.0167,-0.0052,-0.0019,0.0001
2018-02-07,-0.0038,0.0053,0.0021,0.0001
2018-02-08,-0.036699999999999997,0.008100000000000001,0.0052,0.0001
2018-02-09,0.0137,-0.0059,0.0015,0.0001
2018-02-12,0.013600000000000001,-0.0046,-0.003,0.0001
2018-02-13,0.0031,0.0008,-0.0024,0.0001
2018-02-14,0.0152,0.0026,0.0048,0.0001
2018-02-15,0.012199999999999999,-0.0014000000000000002,-0.0063,0.0001
2018-02-16,0.0003,0.0034999999999999996,0.0015,0.0001
2018-02-20,-0.0062,-0.0036,-0.0024,0.0001
2018-02-21,-0.0044,0.0079,0.0023,0.0001
2018-02-22,0.0001,0.0005,-0.0040999999999999995,0.0001
2018-02-23,0.0154,-0.0038,-0.0014000000000000002,0.0001
2018-02-26,0.011200000000000002,-0.005,-0.0006,0.0001
2018-02-27,-0.0125,-0.0019,0.0003,0.0001
2018-02-28,-0.0111,-0.0042,-0.0031,0.0001
2018-03-01,-0.011899999999999999,0.01,-0.0003,0.0001
2018-03-02,0.006999999999999999,0.0118,-0.0048,0.0001
2018-03-05,0.010700000000000001,-0.0039000000000000003,0.0022,0.0001
2018-03-06,0.0036,0.0068000000000000005,0.0013,0.0001
2018-03-07,0.0005,0.0078000000000000005,-0.0044,0.0001
2018-03-08,0.0037,-0.0049,-0.0034999999999999996,0.0001
2018-03-09,0.0171,-0.0025,0.0027,0.0001
2018-03-12,-0.0009,0.004699999999999999,-0.0008,0.0001
2018-03-13,-0.0067,0.0008,0.0003,0.0001
2018-03-14,-0.0053,0.0023,-0.005699999999999999,0.0001
2018-03-15,-0.0017000000000000001,-0.0039000000000000003,0.0031,0.0001
2018-03-16,0.0025,0.0046,0.0017000000000000001,0.0001
2018-03-19,-0.0137,0.0034999999999999996,0.0040999999999999995,0.0001
2018-03-20,0.0014000000000000002,-0.0007000000000000001,-0.0036,0.0001
2018-03-21,-0.0007000000000000001,0.0074,0.0044,0.0001
2018-03-22,-0.0254,0.0051,-0.0049,0.0001
2018-03-23,-0.021,0.0021,-0.0023,0.0001
2018-03-26,0.026699999999999998,-0.0068000000000000005,0.0003,0.0001
2018-03-27,-0.0187,-0.0021,0.0037,0.0001
2018-03-28,-0.0034999999999999996,0.0013,0.0064,0.0001
2018-03-29,0.0141,-0.0031,-0.0022,0.0001
2018-04-02,-0.023,-0.0013,0.0038,0.0001
2018-04-03,0.0125,-0.0004,0.0018,0.0001
2018-04-04,0.011699999999999999,0.0033,-0.0032,0.0001
2018-04-05,0.0075,0.0002,0.0046,0.0001
2018-04-06,-0.0219,0.004,-0.0006,0.0001
2018-04-09,0.003,-0.0015,-0.0051,0.0001
2018-04-10,0.0177,0.004,-0.0012,0.0001
2018-04-11,-0.0049,0.0092,-0.003,0.0001
2018-04-12,0.0084,-0.0023,0.0019,0.0001
2018-04-13,-0.0037,0.0003,-0.0025,0.0001
2018-04-16,0.008199999999999999,0.0007000000000000001,-0.0002,0.0001
2018-04-17,0.0109,0.0016,-0.0118,0.0001
2018-04-18,0.0013,0.0021,0.0002,0.0001
2018-04-19,-0.0049,-0.004699999999999999,0.0108,0.0001
2018-04-20,-0.008100000000000001,0.0006,0.0058,0.0001
2018-04-23,-0.0005,-0.0008,0.0019,0.0001
2018-04-24,-0.013000000000000001,0.0053,0.0102,0.0001
2018-04-25,0.0011,-0.0034000000000000002,0.0006,0.0001
2018-04-26,0.0095,-0.0039000000000000003,-0.0085,0.0001
2018-04-27,0.0001,-0.0026,0.0004,0.0001
2018-04-30,-0.008100000000000001,0.0003,-0.0009,0.0001
2018-05-01,0.0025,0.0023,-0.0053,0.0001
2018-05-02,-0.0062,0.0129,-0.0034999999999999996,0.0001
2018-05-03,-0.0025,-0.0052,-0.0015,0.0001
2018-05-04,0.013000000000000001,0.0002,-0.002,0.0001
2018-05-07,0.0040999999999999995,0.0042,-0.0033,0.0001
2018-05-08,0.0007000000000000001,0.0049,0.0023,0.0001
2018-05-09,0.009000000000000001,-0.0022,0.0025,0.0001
2018-05-10,0.0085,-0.0043,-0.0004,0.0001
2018-05-11,0.0019,0.0012,-0.0038,0.0001
2018-05-14,0.0005,-0.0036,0.0011,0.0001
2018-05-15,-0.0055000000000000005,0.0067,0.004,0.0001
2018-05-16,0.005,0.006999999999999999,-0.0025,0.0001
2018-05-17,0.0001,0.009000000000000001,0.0029,0.0001
2018-05-18,-0.0023,0.005699999999999999,-0.0062,0.0001
2018-05-21,0.0072,-0.0019,0.0044,0.0001
2018-05-22,-0.0042,-0.0076,0.0060999999999999995,0.0001
2018-05-23,0.0029,0.0005,-0.0069,0.0001
2018-05-24,-0.0016,0.0037,-0.0034999999999999996,0.0001
2018-05-25,-0.0022,0.0025,-0.0039000000000000003,0.0001
2018-05-29,-0.0103,0.0132,-0.0102,0.0001
2018-05-30,0.0131,0.0004,0.0036,0.0001
2018-05-31,-0.006999999999999999,0.0007000000000000001,-0.0043,0.0001
2018-06-01,0.0106,-0.0023,-0.001,0.0001
2018-06-04,0.0048,0.0017000000000000001,-0.0045000000000000005,0.0001
2018-06-05,0.0016,0.008199999999999999,-0.0044,0.0001
2018-06-06,0.0086,-0.0033,0.0021,0.0001
2018-06-07,-0.0014000000000000002,-0.003,0.009300000000000001,0.0001
2018-06-08,0.0031,0.0008,-0.004,0.0001
2018-06-11,0.0012,0.0018,-0.0016,0.0001
2018-06-12,0.0023,0.0023,-0.0063,0.0001
2018-06-13,-0.0033,0.0008,-0.002,0.0001
2018-06-14,0.0028000000000000004,0.0032,-0.0101,0.0001
2018-06-15,-0.0007000000000000001,0.0004,-0.0025,0.0001
2018-06-18,-0.0009,0.0072,0.0008,0.0001
2018-06-19,-0.0038,0.005699999999999999,-0.0014000000000000002,0.0001
2018-06-20,0.0023,0.0073,-0.0051,0.0001
2018-06-21,-0.0073,-0.0063,0.0033,0.0001
2018-06-22,0.0011,0.0,0.0046,0.0001
2018-06-25,-0.0148,-0.0054,0.005699999999999999,0.0001
2018-06-26,0.0027,0.0063,-0.0024,0.0001
2018-06-27,-0.0102,-0.009899999999999999,0.0036,0.0001
2018-06-28,0.0058,-0.0018,-0.0051,0.0001
2018-06-29,0.0006,-0.002,-0.0024,0.0001
2018-07-02,0.0036,0.0044,-0.0025,0.0001
2018-07-03,-0.0044,0.008100000000000001,-0.0002,0.0001
2018-07-05,0.0087,0.0044,-0.0043,0.0001
2018-07-06,0.0088,0.0005,-0.003,0.0001
2018-07-09,0.009300000000000001,-0.0040999999999999995,0.0086,0.0001
2018-07-10,0.0021,-0.0078000000000000005,-0.0016,0.0001
2018-07-11,-0.006999999999999999,-0.0002,-0.0046,0.0001
2018-07-12,0.0085,-0.0034000000000000002,-0.0116,0.0001
2018-07-13,0.0008,-0.0013,-0.0029,0.0001
2018-07-16,-0.0016,-0.0077,0.0097,0.0001
2018-07-17,0.0048,0.0026,-0.0074,0.0001
2018-07-18,0.0026,-0.0027,0.0068000000000000005,0.0001
2018-07-19,-0.0034000000000000002,0.0096,-0.0036,0.0001
2018-07-20,-0.001,-0.0018,0.0011,0.0001
2018-07-23,0.0016,-0.0029,0.0054,0.0001
2018-07-24,0.0022,-0.013600000000000001,0.0039000000000000003,0.0001
2018-07-25,0.0083,-0.0043,-0.0106,0.0001
2018-07-26,-0.0021,0.0064,0.0058,0.0001
2018-07-27,-0.008199999999999999,-0.0138,0.0106,0.0001
2018-07-30,-0.006999999999999999,-0.0022,0.0159,0.0001
2018-07-31,0.0051,0.0084,-0.011000000000000001,0.0001
2018-08-01,-0.0013,0.0006,-0.0022,0.0001
2018-08-02,0.0067,0.0033,-0.006500000000000001,0.0001
2018-08-03,0.0031,-0.010700000000000001,0.0051,0.0001
2018-08-06,0.0046,0.0026,-0.0033,0.0001
2018-08-07,0.0029,0.0003,-0.0015,0.0001
2018-08-08,-0.0004,-0.0013,0.0026,0.0001
2018-08-09,-0.0005,0.0037,-0.0034999999999999996,0.0001
2018-08-10,-0.006,0.004,-0.0021,0.0001
2018-08-13,-0.0046,-0.0014000000000000002,-0.0029,0.0001
2018-08-14,0.0069,0.003,0.0022,0.0001
2018-08-15,-0.0091,-0.0053,-0.0014000000000000002,0.0001
2018-08-16,0.0086,-0.0007000000000000001,0.0026,0.0001
2018-08-17,0.003,0.0009,0.0001,0.0001
2018-08-20,0.0025,0.0012,0.0014000000000000002,0.0001
2018-08-21,0.0033,0.009000000000000001,0.0014000000000000002,0.0001
2018-08-22,0.0005,0.0037,-0.0034999999999999996,0.0001
2018-08-23,-0.0019,-0.0005,-0.0033,0.0001
2018-08-24,0.0062,-0.0002,-0.0058,0.0001
2018-08-27,0.0074,-0.0068000000000000005,-0.0015,0.0001
2018-08-28,-0.0001,-0.0011,-0.0023,0.0001
2018-08-29,0.005600000000000001,-0.0004,-0.005699999999999999,0.0001
2018-08-30,-0.0040999999999999995,0.0029,-0.0042,0.0001
2018-08-31,0.0008,0.005,-0.0038,0.0001
2018-09-04,-0.0011,-0.0037,0.0001,0.0001
2018-09-05,-0.0040999999999999995,-0.0018,0.0067,0.0001
2018-09-06,-0.0044,-0.0034000000000000002,-0.0025,0.0001
2018-09-07,-0.0018,0.0011,-0.0022,0.0001
2018-09-10,0.0023,0.0012,-0.0036,0.0001
2018-09-11,0.0037,-0.003,-0.0024,0.0001
2018-09-12,0.0003,-0.0006,-0.0023,0.0001
2018-09-13,0.0045000000000000005,-0.0044,-0.0039000000000000003,0.0001
2018-09-14,0.0012,0.0027,0.0025,0.0001
2018-09-17,-0.0072,-0.0046,0.0085,0.0001
2018-09-18,0.005699999999999999,0.0005,-0.0048,0.0001
2018-09-19,0.0005,-0.0067,0.0128,0.0001
2018-09-20,0.0077,0.0031,-0.0023,0.0001
2018-09-21,-0.0013,-0.0042,0.0031,0.0001
2018-09-24,-0.0031,0.0005,-0.0089,0.0001
2018-09-25,-0.0005,0.0027,-0.0038,0.0001
2018-09-26,-0.004,-0.0038,-0.0062,0.0001
2018-09-27,0.0027,-0.0027,-0.0054,0.0001
2018-09-28,-0.0003,0.004,-0.0019,0.0001
2018-10-01,0.0016,-0.0163,0.0036,0.0001
2018-10-02,-0.0021,-0.0098,0.005699999999999999,0.0001
2018-10-03,0.002,0.0085,0.005,0.0001
2018-10-04,-0.009300000000000001,-0.0106,0.0158,0.0001
2018-10-05,-0.0064,-0.0042,0.0037,0.0001
2018-10-08,-0.0018,-0.0040999999999999995,0.0124,0.0001
2018-10-09,-0.0018,-0.0029,0.0028000000000000004,0.0001
2018-10-10,-0.0333,0.0029,0.0109,0.0001
2018-10-11,-0.0196,0.0046,-0.0092,0.0001
2018-10-12,0.0139,-0.0087,-0.0175,0.0001
2018-10-15,-0.0048,0.0091,0.0052,0.0001
2018-10-16,0.0225,0.0069,-0.014499999999999999,0.0001
2018-10-17,-0.0009,-0.0067,0.0023,0.0001
2018-10-18,-0.0154,-0.0054,0.0042,0.0001
2018-10-19,-0.0024,-0.013300000000000001,0.006999999999999999,0.0001
2018-10-22,-0.0038,0.0048,-0.0126,0.0001
2018-10-23,-0.0062,-0.0009,-0.0042,0.0001
2018-10-24,-0.0333,-0.009300000000000001,0.0076,0.0001
2018-10-25,0.019299999999999998,0.0042,-0.006,0.0001
2018-10-26,-0.0165,0.005699999999999999,0.0034999999999999996,0.0001
2018-10-29,-0.0076,-0.0032,0.0161,0.0001
2018-10-30,0.0166,0.0042,0.0009,0.0001
2018-10-31,0.0121,-0.006500000000000001,-0.0074,0.0001
2018-11-01,0.0129,0.0134,-0.011200000000000002,0.0001
2018-11-02,-0.0053,0.008,0.0067,0.0001
2018-11-05,0.004,-0.0102,0.015700000000000002,0.0001
2018-11-06,0.005699999999999999,-0.0016,0.0002,0.0001
2018-11-07,0.0212,-0.0033,-0.0105,0.0001
2018-11-08,-0.0028000000000000004,-0.0025,0.0025,0.0001
2018-11-09,-0.0104,-0.0086,0.0040999999999999995,0.0001
2018-11-12,-0.0206,0.0002,0.0084,0.0001
2018-11-13,-0.0013,-0.0011,0.0016,0.0001
2018-11-14,-0.0078000000000000005,0.0002,-0.0027,0.0001
2018-11-15,0.0118,0.0034999999999999996,-0.0039000000000000003,0.0001
2018-11-16,0.0015,0.0002,-0.0006,0.0001
2018-11-19,-0.018799999999999997,-0.0074,0.0232,0.0001
2018-11-20,-0.018500000000000003,0.0015,-0.0054,0.0001
2018-11-21,0.0051,0.009899999999999999,-0.0033,0.0001
2018-11-23,-0.0055000000000000005,0.0083,-0.0060999999999999995,0.0001
2018-11-26,0.016200000000000003,-0.0066,-0.002,0.0001
2018-11-27,0.0011,-0.0108,0.0025,0.0001
2018-11-28,0.0242,0.0044,-0.0116,0.0001
2018-11-29,-0.0022,-0.001,-0.0009,0.0001
2018-11-30,0.0079,-0.0032,-0.0044,0.0001
2018-12-03,0.0113,-0.0005,-0.0078000000000000005,0.0001
2018-12-04,-0.0346,-0.0096,-0.0022,0.0001
2018-12-06,-0.0016,0.0013,-0.0106,0.0001
2018-12-07,-0.0236,0.002,0.013300000000000001,0.0001
2018-12-10,0.001,-0.0011,-0.016399999999999998,0.0001
2018-12-11,-0.0008,-0.0005,-0.0042,0.0001
2018-12-12,0.0068000000000000005,0.005699999999999999,-0.0017000000000000001,0.0001
2018-12-13,-0.0026,-0.0151,-0.002,0.0001
2018-12-14,-0.0189,-0.0006,0.0049,0.0001
2018-12-17,-0.0213,-0.0025,0.0108,0.0001
2018-12-18,-0.0003,0.0002,-0.006,0.0001
2018-12-19,-0.0158,-0.006,0.0002,0.0001
2018-12-20,-0.016200000000000003,-0.0028000000000000004,0.0097,0.0001
2018-12-21,-0.0216,-0.005600000000000001,0.0077,0.0001
2018-12-24,-0.0255,0.0101,-0.0051,0.0001
2018-12-26,0.0507,-0.0006,-0.01,0.0001
2018-12-27,0.0078000000000000005,-0.0067,-0.0013,0.0001
2018-12-28,-0.0003,0.0077,0.0025,0.0001
2018-12-31,0.009000000000000001,-0.0009,-0.0045000000000000005,0.0001
2019-01-02,0.0022,0.0058,0.011399999999999999,0.0001
2019-01-03,-0.0245,0.0036,0.0118,0.0001
2019-01-04,0.0355,0.004,-0.0069,0.0001
2019-01-07,0.009399999999999999,0.0101,-0.0075,0.0001
2019-01-08,0.0101,0.0052,-0.0063,0.0001
2019-01-09,0.0052,0.0046,0.0011,0.0001
2019-01-10,0.004,0.0003,-0.0045000000000000005,0.0001
2019-01-11,0.0,0.0012,0.0022,0.0001
2019-01-14,-0.006,-0.006,0.0095,0.0001
2019-01-15,0.0105,0.0,-0.009000000000000001,0.0001
2019-01-16,0.0028000000000000004,0.0004,0.0092,0.0001
2019-01-17,0.0078000000000000005,0.0011,-0.0024,0.0001
2019-01-18,0.013000000000000001,-0.0037,0.0012,0.0001
2019-01-22,-0.0152,-0.0039000000000000003,0.003,0.0001
2019-01-23,0.0016,-0.0038,-0.0015,0.0001
2019-01-24,0.0023,0.0044,0.0,0.0001
2019-01-25,0.009000000000000001,0.0046,-0.0034000000000000002,0.0001
2019-01-28,-0.008,-0.0016,0.0063,0.0001
2019-01-29,-0.0019,-0.0001,0.0019,0.0001
2019-01-30,0.0151,-0.0015,-0.009399999999999999,0.0001
2019-01-31,0.0091,0.0011,-0.0111,0.0001
2019-02-01,0.0013,-0.0012,0.0043,0.0001
2019-02-04,0.0073,0.0048,-0.004699999999999999,0.0001
2019-02-05,0.0043,-0.0007000000000000001,-0.0060999999999999995,0.0001
2019-02-06,-0.0021,-0.0001,0.0006,0.0001
2019-02-07,-0.009300000000000001,-0.0013,0.0038,0.0001
2019-02-08,0.001,0.0005,-0.0068000000000000005,0.0001
2019-02-11,0.0014000000000000002,0.0066,0.0023,0.0001
2019-02-12,0.013600000000000001,0.0002,-0.0016,0.0001
2019-02-13,0.0028000000000000004,0.0006,0.0007000000000000001,0.0001
2019-02-14,-0.002,0.0053,-0.0059,0.0001
2019-02-15,0.0113,0.0024,0.0048,0.0001
2019-02-19,0.0019,0.0029,0.0031,0.0001
2019-02-20,0.0019,0.0021,0.005600000000000001,0.0001
2019-02-21,-0.0037,-0.0006,-0.0023,0.0001
2019-02-22,0.006500000000000001,0.0055000000000000005,-0.0147,0.0001
2019-02-25,0.0015,-0.0026,-0.0018,0.0001
2019-02-26,-0.0016,-0.0063,-0.0033,0.0001
2019-02-27,0.001,0.002,-0.0012,0.0001
2019-02-28,-0.0031,0.0002,-0.0027,0.0001
2019-03-01,0.0072,0.0029,-0.0040999999999999995,0.0001
2019-03-04,-0.0052,-0.0040999999999999995,0.0038,0.0001
2019-03-05,-0.0017000000000000001,-0.0031,-0.0022,0.0001
2019-03-06,-0.0084,-0.0126,0.0005,0.0001
2019-03-07,-0.008199999999999999,-0.0006,-0.0034000000000000002,0.0001
2019-03-08,-0.0022,0.0006,-0.0017000000000000001,0.0001
2019-03-11,0.0149,0.0036,-0.0053,0.0001
2019-03-12,0.0025,-0.0028000000000000004,-0.0007000000000000001,0.0001
2019-03-13,0.0067,-0.0032,0.0008,0.0001
2019-03-14,-0.001,-0.004,0.003,0.0001
2019-03-15,0.0048,-0.0025,-0.0025,0.0001
2019-03-18,0.0046,0.0015,0.0044,0.0001
2019-03-19,-0.0009,-0.0038,-0.0092,0.0001
2019-03-20,-0.0037,0.0001,-0.0106,0.0001
2019-03-21,0.011000000000000001,0.003,-0.0123,0.0001
2019-03-22,-0.0217,-0.0151,-0.0008,0.0001
2019-03-25,-0.0005,0.0066,-0.0026,0.0001
2019-03-26,0.0076,0.0017000000000000001,0.0046,0.0001
2019-03-27,-0.005,0.001,0.0051,0.0001
2019-03-28,0.004,0.0034000000000000002,0.0002,0.0001
2019-03-29,0.0066,-0.0023,-0.0092,0.0001
2019-04-01,0.011899999999999999,-0.0031,0.009899999999999999,0.0001
2019-04-02,-0.0005,-0.0013,-0.0044,0.0001
2019-04-03,0.0027,0.0021,-0.0039000000000000003,0.0001
2019-04-04,0.0019,0.002,0.009399999999999999,0.0001
2019-04-05,0.0053,0.0053,-0.0007000000000000001,0.0001
2019-04-08,0.0008,-0.0029,0.001,0.0001
2019-04-09,-0.006500000000000001,-0.005600000000000001,-0.0015,0.0001
2019-04-10,0.0048,0.0097,-0.0011,0.0001
2019-04-11,0.0,-0.0031,0.004,0.0001
2019-04-12,0.0064,-0.0051,0.0066,0.0001
2019-04-15,-0.0009,-0.0021,-0.0055000000000000005,0.0001
2019-04-16,0.0013,0.0012,0.0070999999999999995,0.0001
2019-04-17,-0.0032,-0.006999999999999999,0.0084,0.0001
2019-04-18,0.0011,-0.0025,-0.005,0.0001
2019-04-22,0.0011,-0.0046,-0.005699999999999999,0.0001
2019-04-23,0.0097,0.0072,-0.0049,0.0001
2019-04-24,-0.0022,0.0028000000000000004,-0.0008,0.0001
2019-04-25,-0.0014000000000000002,-0.0075,-0.0021,0.0001
2019-04-26,0.0053,0.0043,0.0006,0.0001
2019-04-29,0.0018,0.0009,0.006500000000000001,0.0001
2019-04-30,-0.0004,-0.0069,0.0027,0.0001
2019-05-01,-0.0083,-0.001,-0.0002,0.0001
2019-05-02,-0.0016,0.0045000000000000005,-0.0028000000000000004,0.0001
2019-05-03,0.0113,0.009300000000000001,-0.0027,0.0001
2019-05-06,-0.0039000000000000003,0.006,-0.0042,0.0001
2019-05-07,-0.0169,-0.0028000000000000004,0.0049,0.0001
2019-05-08,-0.0021,-0.0016,-0.0031,0.0001
2019-05-09,-0.0028000000000000004,0.0008,0.0009,0.0001
2019-05-10,0.0034999999999999996,-0.0037,0.0006,0.0001
2019-05-13,-0.0265,-0.0073,0.0028000000000000004,0.0001
2019-05-14,0.0091,0.0040999999999999995,-0.0002,0.0001
2019-05-15,0.0058,0.0005,-0.0096,0.0001
2019-05-16,0.0091,-0.0039000000000000003,-0.0033,0.0001
2019-05-17,-0.0070999999999999995,-0.008,0.0028000000000000004,0.0001
2019-05-20,-0.006500000000000001,-0.0023,0.0073,0.0001
2019-05-21,0.009000000000000001,0.0043,-0.0034000000000000002,0.0001
2019-05-22,-0.004,-0.0051,-0.0062,0.0001
2019-05-23,-0.0137,-0.0069,-0.0027,0.0001
2019-05-24,0.0023,0.005,0.003,0.0001
2019-05-28,-0.0078000000000000005,0.0029,-0.0063,0.0001
2019-05-29,-0.0070999999999999995,-0.0029,0.0040999999999999995,0.0001
2019-05-30,0.0014000000000000002,-0.0027,-0.0077,0.0001
2019-05-31,-0.0137,-0.0022,-0.0011,0.0001
2019-06-03,-0.004,0.0033,0.0168,0.0001
2019-06-04,0.0232,0.0042,-0.0003,0.0001
2019-06-05,0.006999999999999999,-0.0098,-0.0097,0.0001
2019-06-06,0.0055000000000000005,-0.0104,0.0002,0.0001
2019-06-07,0.0104,0.0004,-0.011899999999999999,0.0001
2019-06-10,0.0054,-0.0004,0.0007000000000000001,0.0001
2019-06-11,-0.0012,-0.0026,0.005699999999999999,0.0001
2019-06-12,-0.002,0.0042,-0.01,0.0001
2019-06-13,0.0052,0.0066,-0.0004,0.0001
2019-06-14,-0.0027,-0.0078000000000000005,0.003,0.0001
2019-06-17,0.0015,0.0063,-0.0113,0.0001
2019-06-18,0.0104,0.0015,0.0034999999999999996,0.0001
2019-06-19,0.0032,0.0011,-0.006,0.0001
2019-06-20,0.0089,-0.0036,-0.0022,0.0001
2019-06-21,-0.0021,-0.004699999999999999,-0.0003,0.0001
2019-06-24,-0.0034999999999999996,-0.009000000000000001,0.0008,0.0001
2019-06-25,-0.0098,0.0034000000000000002,0.0072,0.0001
2019-06-26,-0.0007000000000000001,-0.0005,0.0027,0.0001
2019-06-27,0.0059,0.014199999999999999,-0.001,0.0001
2019-06-28,0.0068000000000000005,0.0063,0.0062,0.0001
2019-07-01,0.0075,-0.0053,-0.0013,0.0001
2019-07-02,0.0014000000000000002,-0.008100000000000001,-0.008100000000000001,0.0001
2019-07-03,0.0079,-0.0004,-0.0032,0.0001
2019-07-05,-0.001,0.0016,0.0091,0.0001
2019-07-08,-0.0058,-0.0045000000000000005,0.0006,0.0001
2019-07-09,0.0019,-0.0015,-0.0043,0.0001
2019-07-10,0.004,-0.0015,-0.0036,0.0001
2019-07-11,0.0019,-0.0079,0.0004,0.0001
2019-07-12,0.0053,0.0018,0.0040999999999999995,0.0001
2019-07-15,-0.0005,-0.0034999999999999996,-0.0106,0.0001
2019-07-16,-0.0032,0.0034999999999999996,0.0011,0.0001
2019-07-17,-0.0064,-0.0014000000000000002,-0.006500000000000001,0.0001
2019-07-18,0.0034999999999999996,-0.0029,0.0001,0.0001
2019-07-19,-0.005699999999999999,0.0016,0.0086,0.0001
2019-07-22,0.0025,-0.0044,-0.0048,0.0001
2019-07-23,0.0064,-0.0023,0.008,0.0001
2019-07-24,0.0066,0.0075,0.0086,0.0001
2019-07-25,-0.0063,-0.0066,-0.0011,0.0001
2019-07-26,0.008199999999999999,0.0039000000000000003,-0.0019,0.0001
2019-07-29,-0.0032,-0.0034000000000000002,-0.0046,0.0001
2019-07-30,-0.0017000000000000001,0.0137,0.0088,0.0001
2019-07-31,-0.011000000000000001,0.0012,0.0062,0.0001
2019-08-01,-0.0104,-0.0042,-0.019,0.0001
2019-08-02,-0.0087,-0.0032,0.0007000000000000001,0.0001
2019-08-05,-0.030699999999999998,-0.0001,0.0001,0.0001
2019-08-06,0.0129,-0.0040999999999999995,-0.0059,0.0001
2019-08-07,0.0007000000000000001,0.0008,-0.009000000000000001,0.0001
2019-08-08,0.0197,0.0003,-0.0025,0.0001
2019-08-09,-0.0078000000000000005,-0.0043,-0.0022,0.0001
2019-08-12,-0.0131,0.0029,-0.0026,0.0001
2019-08-13,0.0147,-0.0017000000000000001,-0.0053,0.0001
2019-08-14,-0.029500000000000002,0.0022,-0.0051,0.0001
2019-08-15,0.0017000000000000001,-0.0060999999999999995,-0.0052,0.0001
2019-08-16,0.0155,0.0053,0.006,0.0001
2019-08-19,0.011399999999999999,0.0002,0.0021,0.0001
2019-08-20,-0.0075,0.003,-0.0049,0.0001
2019-08-21,0.0085,0.0005,-0.003,0.0001
2019-08-22,-0.001,-0.0053,0.0049,0.0001
2019-08-23,-0.026600000000000002,-0.005600000000000001,-0.0018,0.0001
2019-08-26,0.0108,-0.0002,-0.0018,0.0001
2019-08-27,-0.0046,-0.0088,-0.0066,0.0001
2019-08-28,0.0068000000000000005,0.004699999999999999,0.0060999999999999995,0.0001
2019-08-29,0.013500000000000002,0.0032,0.0033,0.0001
2019-08-30,0.0003,-0.0037,0.0023,0.0001
2019-09-03,-0.0086,-0.0096,0.0012,0.0001
2019-09-04,0.0108,-0.0022,0.0043,0.0001
2019-09-05,0.014199999999999999,0.0040999999999999995,0.006999999999999999,0.0001
2019-09-06,-0.0002,-0.0039000000000000003,0.0005,0.0001
2019-09-09,0.0007000000000000001,0.0076,0.0305,0.0001
2019-09-10,0.0016,0.010700000000000001,0.0111,0.0001
2019-09-11,0.0087,0.013300000000000001,-0.0004,0.0001
2019-09-12,0.0022,-0.0031,-0.0012,0.0001
2019-09-13,-0.0002,0.0002,0.0074,0.0001
2019-09-16,-0.0023,0.0091,0.0053,0.0001
2019-09-17,0.0017000000000000001,-0.006,-0.011899999999999999,0.0001
2019-09-18,-0.0004,-0.0075,0.0006,0.0001
2019-09-19,-0.0005,-0.0043,-0.0046,0.0001
2019-09-20,-0.0048,0.0029,0.0015,0.0001
2019-09-23,-0.0002,-0.0017000000000000001,0.005,0.0001
2019-09-24,-0.01,-0.0073,0.0001,0.0001
2019-09-25,0.0069,0.0036,0.0052,0.0001
2019-09-26,-0.004,-0.0096,0.0013,0.0001
2019-09-27,-0.0062,-0.0033,0.0088,0.0001
2019-09-30,0.005,-0.0017000000000000001,-0.0048,0.0001
2019-10-01,-0.0131,-0.0046,-0.0059,0.0001
2019-10-02,-0.0173,0.0089,-0.0036,0.0001
2019-10-03,0.008,-0.0023,-0.0089,0.0001
2019-10-04,0.0139,-0.0048,-0.0007000000000000001,0.0001
2019-10-07,-0.0040999999999999995,0.0016,-0.0003,0.0001
2019-10-08,-0.0161,-0.0013,-0.0013,0.0001
2019-10-09,0.0092,-0.0055000000000000005,-0.0009,0.0001
2019-10-10,0.006,-0.004,0.0025,0.0001
2019-10-11,0.0123,0.0048,0.0018,0.0001
2019-10-14,-0.0018,-0.0034000000000000002,-0.0003,0.0001
2019-10-15,0.0103,0.0025,-0.0025,0.0001
2019-10-16,-0.0024,0.004,0.0022,0.0001
2019-10-17,0.0037,0.008,-0.0029,0.0001
2019-10-18,-0.0049,-0.0034999999999999996,0.0087,0.0001
2019-10-21,0.0070999999999999995,0.0016,0.0034000000000000002,0.0001
2019-10-22,-0.0034000000000000002,0.0023,0.0084,0.0001
2019-10-23,0.0025,-0.0009,0.0027,0.0001
2019-10-24,0.0025,-0.0026,-0.0089,0.0001
2019-10-25,0.005,0.0028000000000000004,0.0007000000000000001,0.0001
2019-10-28,0.0062,0.0027,-0.0025,0.0001
2019-10-29,-0.0013,0.003,0.005,0.0001
2019-10-30,0.0028000000000000004,-0.0037,-0.0115,0.0001
2019-10-31,-0.0038,-0.0026,-0.0043,0.0001
2019-11-01,0.010700000000000001,0.0049,0.008199999999999999,0.0001
2019-11-04,0.0039000000000000003,0.0003,0.013500000000000002,0.0001
2019-11-05,-0.0003,0.0023,0.0046,0.0001
2019-11-06,-0.0005,-0.0073,0.0024,0.0001
2019-11-07,0.0038,-0.0014000000000000002,0.005,0.0001
2019-11-08,0.0031,0.0007000000000000001,-0.0037,0.0001
2019-11-11,-0.0019,0.0,-0.0019,0.0001
2019-11-12,0.0016,-0.0011,-0.0014000000000000002,0.0001
2019-11-13,0.0001,-0.0023,-0.008199999999999999,0.0001
2019-11-14,0.0007000000000000001,-0.0012,-0.0025,0.0001
2019-11-15,0.0074,-0.0025,-0.0033,0.0001
2019-11-18,0.0003,-0.0034999999999999996,-0.0051,0.0001
2019-11-19,0.0002,0.005699999999999999,-0.009399999999999999,0.0001
2019-11-20,-0.0033,0.0001,-0.0044,0.0001
2019-11-21,-0.0015,-0.0034000000000000002,0.001,0.0001
2019-11-22,0.0024,0.0006,0.0021,0.0001
2019-11-25,0.0092,0.0131,-0.0038,0.0001
2019-11-26,0.0019,0.0005,-0.0089,0.0001
2019-11-27,0.0044,0.0023,-0.0002,0.0001
2019-11-29,-0.0042,-0.0004,-0.0031,0.0001
2019-12-02,-0.0087,-0.0025,0.0048,0.0001
2019-12-03,-0.0066,0.006,-0.0083,0.0001
2019-12-04,0.006,0.0014000000000000002,0.0025,0.0001
2019-12-05,0.0013,-0.0021,0.0046,0.0001
2019-12-06,0.0091,0.0025,0.0036,0.0001
2019-12-09,-0.0033,0.0034000000000000002,0.0012,0.0001
2019-12-10,-0.0008,0.003,-0.0009,0.0001
2019-12-11,0.0028000000000000004,-0.0007000000000000001,0.0013,0.0001
2019-12-12,0.009000000000000001,-0.0013,0.0113,0.0001
2019-12-13,-0.0003,-0.0027,-0.0054,0.0001
2019-12-16,0.0074,0.0003,-0.0005,0.0001
2019-12-17,0.001,0.0042,0.0066,0.0001
2019-12-18,-0.0005,0.002,0.0009,0.0001
2019-12-19,0.0043,-0.0002,-0.0042,0.0001
2019-12-20,0.0048,-0.003,-0.0031,0.0001
2019-12-23,0.001,0.0021,-0.0034000000000000002,0.0001
2019-12-24,0.0001,0.0039000000000000003,-0.0001,0.0001
2019-12-26,0.0049,-0.0054,0.0,0.0001
2019-12-27,-0.0009,-0.0053,-0.0007000000000000001,0.0001
2019-12-30,-0.005699999999999999,0.0019,0.005600000000000001,0.0001
2019-12-31,0.0028000000000000004,-0.0001,0.0011,0.0001
